"Id","JHipsterRegister","Docker","applicationType","authenticationType","hibernateCache","clusteredHttpSession","websocket","databaseType","devDatabaseType","prodDatabaseType","buildTool","searchEngine","enableSocialSignIn","useSass","enableTranslation","testFrameworks","Generate","Log-Gen","TimeToGenerate","Compile","Log-Compile","TimeToCompile","Build","Log-Build","Bug"
"1484332670804","jhipster9115","true","""monolith""","""jwt""","""no""","""no""","""spring-websocket""","""cassandra""","""cassandra""","""cassandra""","""maven""","""no""","false","true","false","[""protractor"",""cucumber"",""gatling""]","OK","Exception.java

ExceptionHandlingAsyncTaskExecutor.java

Exception.java

ExceptionTranslator.java

","33.281","OK","","5.932","KO","","newBUG"
"1484194594536","jhipster1621","true","""monolith""","""jwt""","""hazelcast""","""no""","""spring-websocket""","""sql""","""DiskBased""","""mariadb""","""gradle""","""no""","false","false","false","[""gatling"",""cucumber"",""protractor""]","OK","Exception.java

ExceptionHandlingAsyncTaskExecutor.java

Exception.java

ExceptionTranslator.java

","27.56","OK","","25.893 ","KO","Error parsing reference: ""jhipster - jhipster-mariadb"" is not a valid repository/tag
","BUG3:mariadb"
"1484170743891","jhipster808","true","""monolith""","""jwt""","""ehcache""","""hazelcast""","""no""","""sql""","""InMemory""","""mariadb""","""maven""","""no""","true","true","true","[""cucumber"",""protractor"",""gatling""]","OK","Exception.java

ExceptionHandlingAsyncTaskExecutor.java

Exception.java

ExceptionTranslator.java

","28.764","OK","","4.893","KO","Error parsing reference: ""jhipster - jhipster-mariadb"" is not a valid repository/tag
","BUG3:mariadb"
"1484288177663","jhipster7307","false","""gateway""","""uaa""","""no""","""no""","""spring-websocket""","""sql""","""InMemory""","""mariadb""","""maven""","""elasticsearch""","false","true","true","[""protractor"",""cucumber"",""gatling""]","OK","ExceptionHandlingAsyncTaskExecutor.java

Exception.java

ExceptionTranslator.java

","25.802","OK","","3.719","KO","Exception encountered during context initialization - cancelling refresh attempt: org.springframework.beans.factory.UnsatisfiedDependencyException: Error creating bean with name 'org.springframework.security.oauth2.config.annotation.web.configuration.ResourceServerConfiguration': Unsatisfied dependency expressed through field 'tokenStore': Error creating bean with name 'tokenStore' defined in class path resource [io/variability/jhipster/config/MicroserviceSecurityConfiguration.class]: Bean instantiation via factory method failed; nested exception is org.springframework.beans.BeanInstantiationException: Failed to instantiate [org.springframework.security.oauth2.provider.token.TokenStore]: Factory method 'tokenStore' threw exception; nested exception is org.springframework.beans.factory.BeanCreationException: Error creating bean with name 'jwtAccessTokenConverter' defined in class path resource [io/variability/jhipster/config/MicroserviceSecurityConfiguration.class]: Bean instantiation via factory method failed; nested exception is org.springframework.beans.BeanInstantiationException: Failed to instantiate [org.springframework.security.oauth2.provider.token.store.JwtAccessTokenConverter]: Factory method 'jwtAccessTokenConverter' threw exception; nested exception is java.lang.IllegalStateException: No instances available for uaa; nested exception is org.springframework.beans.factory.BeanCreationException: Error creating bean with name 'tokenStore' defined in class path resource [io/variability/jhipster/config/MicroserviceSecurityConfiguration.class]: Bean instantiation via factory method failed; nested exception is org.springframework.beans.BeanInstantiationException: Failed to instantiate [org.springframework.security.oauth2.provider.token.TokenStore]: Factory method 'tokenStore' threw exception; nested exception is org.springframework.beans.factory.BeanCreationException: Error creating bean with name 'jwtAccessTokenConverter' defined in class path resource [io/variability/jhipster/config/MicroserviceSecurityConfiguration.class]: Bean instantiation via factory method failed; nested exception is org.springframework.beans.BeanInstantiationException: Failed to instantiate [org.springframework.security.oauth2.provider.token.store.JwtAccessTokenConverter]: Factory method 'jwtAccessTokenConverter' threw exception; nested exception is java.lang.IllegalStateException: No instances available for uaa

Exception: Error creating bean with name 'eurekaInstanceConfigBean': Singleton bean creation not allowed while the singletons of this factory are in destruction (Do not request a bean from a BeanFactory in a destroy method implementation!)

Exception: Error creating bean with name 'org.springframework.security.oauth2.config.annotation.web.configuration.ResourceServerConfiguration': Unsatisfied dependency expressed through field 'tokenStore': Error creating bean with name 'tokenStore' defined in class path resource [io/variability/jhipster/config/MicroserviceSecurityConfiguration.class]: Bean instantiation via factory method failed; nested exception is org.springframework.beans.BeanInstantiationException: Failed to instantiate [org.springframework.security.oauth2.provider.token.TokenStore]: Factory method 'tokenStore' threw exception; nested exception is org.springframework.beans.factory.BeanCreationException: Error creating bean with name 'jwtAccessTokenConverter' defined in class path resource [io/variability/jhipster/config/MicroserviceSecurityConfiguration.class]: Bean instantiation via factory method failed; nested exception is org.springframework.beans.BeanInstantiationException: Failed to instantiate [org.springframework.security.oauth2.provider.token.store.JwtAccessTokenConverter]: Factory method 'jwtAccessTokenConverter' threw exception; nested exception is java.lang.IllegalStateException: No instances available for uaa; nested exception is org.springframework.beans.factory.BeanCreationException: Error creating bean with name 'tokenStore' defined in class path resource [io/variability/jhipster/config/MicroserviceSecurityConfiguration.class]: Bean instantiation via factory method failed; nested exception is org.springframework.beans.BeanInstantiationException: Failed to instantiate [org.springframework.security.oauth2.provider.token.TokenStore]: Factory method 'tokenStore' threw exception; nested exception is org.springframework.beans.factory.BeanCreationException: Error creating bean with name 'jwtAccessTokenConverter' defined in class path resource [io/variability/jhipster/config/MicroserviceSecurityConfiguration.class]: Bean instantiation via factory method failed; nested exception is org.springframework.beans.BeanInstantiationException: Failed to instantiate [org.springframework.security.oauth2.provider.token.store.JwtAccessTokenConverter]: Factory method 'jwtAccessTokenConverter' threw exception; nested exception is java.lang.IllegalStateException: No instances available for uaa

Exception: Error creating bean with name 'tokenStore' defined in class path resource [io/variability/jhipster/config/MicroserviceSecurityConfiguration.class]: Bean instantiation via factory method failed; nested exception is org.springframework.beans.BeanInstantiationException: Failed to instantiate [org.springframework.security.oauth2.provider.token.TokenStore]: Factory method 'tokenStore' threw exception; nested exception is org.springframework.beans.factory.BeanCreationException: Error creating bean with name 'jwtAccessTokenConverter' defined in class path resource [io/variability/jhipster/config/MicroserviceSecurityConfiguration.class]: Bean instantiation via factory method failed; nested exception is org.springframework.beans.BeanInstantiationException: Failed to instantiate [org.springframework.security.oauth2.provider.token.store.JwtAccessTokenConverter]: Factory method 'jwtAccessTokenConverter' threw exception; nested exception is java.lang.IllegalStateException: No instances available for uaa

Exception: Failed to instantiate [org.springframework.security.oauth2.provider.token.TokenStore]: Factory method 'tokenStore' threw exception; nested exception is org.springframework.beans.factory.BeanCreationException: Error creating bean with name 'jwtAccessTokenConverter' defined in class path resource [io/variability/jhipster/config/MicroserviceSecurityConfiguration.class]: Bean instantiation via factory method failed; nested exception is org.springframework.beans.BeanInstantiationException: Failed to instantiate [org.springframework.security.oauth2.provider.token.store.JwtAccessTokenConverter]: Factory method 'jwtAccessTokenConverter' threw exception; nested exception is java.lang.IllegalStateException: No instances available for uaa

Exception: Error creating bean with name 'jwtAccessTokenConverter' defined in class path resource [io/variability/jhipster/config/MicroserviceSecurityConfiguration.class]: Bean instantiation via factory method failed; nested exception is org.springframework.beans.BeanInstantiationException: Failed to instantiate [org.springframework.security.oauth2.provider.token.store.JwtAccessTokenConverter]: Factory method 'jwtAccessTokenConverter' threw exception; nested exception is java.lang.IllegalStateException: No instances available for uaa

Exception: Failed to instantiate [org.springframework.security.oauth2.provider.token.store.JwtAccessTokenConverter]: Factory method 'jwtAccessTokenConverter' threw exception; nested exception is java.lang.IllegalStateException: No instances available for uaa

Exception: No instances available for uaa

Exception

Exception: Error creating bean with name 'org.springframework.security.oauth2.config.annotation.web.configuration.ResourceServerConfiguration': Unsatisfied dependency expressed through field 'tokenStore': Error creating bean with name 'tokenStore' defined in class path resource [io/variability/jhipster/config/MicroserviceSecurityConfiguration.class]: Bean instantiation via factory method failed; nested exception is org.springframework.beans.BeanInstantiationException: Failed to instantiate [org.springframework.security.oauth2.provider.token.TokenStore]: Factory method 'tokenStore' threw exception; nested exception is org.springframework.beans.factory.BeanCreationException: Error creating bean with name 'jwtAccessTokenConverter' defined in class path resource [io/variability/jhipster/config/MicroserviceSecurityConfiguration.class]: Bean instantiation via factory method failed; nested exception is org.springframework.beans.BeanInstantiationException: Failed to instantiate [org.springframework.security.oauth2.provider.token.store.JwtAccessTokenConverter]: Factory method 'jwtAccessTokenConverter' threw exception; nested exception is java.lang.IllegalStateException: No instances available for uaa; nested exception is org.springframework.beans.factory.BeanCreationException: Error creating bean with name 'tokenStore' defined in class path resource [io/variability/jhipster/config/MicroserviceSecurityConfiguration.class]: Bean instantiation via factory method failed; nested exception is org.springframework.beans.BeanInstantiationException: Failed to instantiate [org.springframework.security.oauth2.provider.token.TokenStore]: Factory method 'tokenStore' threw exception; nested exception is org.springframework.beans.factory.BeanCreationException: Error creating bean with name 'jwtAccessTokenConverter' defined in class path resource [io/variability/jhipster/config/MicroserviceSecurityConfiguration.class]: Bean instantiation via factory method failed; nested exception is org.springframework.beans.BeanInstantiationException: Failed to instantiate [org.springframework.security.oauth2.provider.token.store.JwtAccessTokenConverter]: Factory method 'jwtAccessTokenConverter' threw exception; nested exception is java.lang.IllegalStateException: No instances available for uaa

Exception: Error creating bean with name 'tokenStore' defined in class path resource [io/variability/jhipster/config/MicroserviceSecurityConfiguration.class]: Bean instantiation via factory method failed; nested exception is org.springframework.beans.BeanInstantiationException: Failed to instantiate [org.springframework.security.oauth2.provider.token.TokenStore]: Factory method 'tokenStore' threw exception; nested exception is org.springframework.beans.factory.BeanCreationException: Error creating bean with name 'jwtAccessTokenConverter' defined in class path resource [io/variability/jhipster/config/MicroserviceSecurityConfiguration.class]: Bean instantiation via factory method failed; nested exception is org.springframework.beans.BeanInstantiationException: Failed to instantiate [org.springframework.security.oauth2.provider.token.store.JwtAccessTokenConverter]: Factory method 'jwtAccessTokenConverter' threw exception; nested exception is java.lang.IllegalStateException: No instances available for uaa

Exception: Failed to instantiate [org.springframework.security.oauth2.provider.token.TokenStore]: Factory method 'tokenStore' threw exception; nested exception is org.springframework.beans.factory.BeanCreationException: Error creating bean with name 'jwtAccessTokenConverter' defined in class path resource [io/variability/jhipster/config/MicroserviceSecurityConfiguration.class]: Bean instantiation via factory method failed; nested exception is org.springframework.beans.BeanInstantiationException: Failed to instantiate [org.springframework.security.oauth2.provider.token.store.JwtAccessTokenConverter]: Factory method 'jwtAccessTokenConverter' threw exception; nested exception is java.lang.IllegalStateException: No instances available for uaa

Exception: Error creating bean with name 'jwtAccessTokenConverter' defined in class path resource [io/variability/jhipster/config/MicroserviceSecurityConfiguration.class]: Bean instantiation via factory method failed; nested exception is org.springframework.beans.BeanInstantiationException: Failed to instantiate [org.springframework.security.oauth2.provider.token.store.JwtAccessTokenConverter]: Factory method 'jwtAccessTokenConverter' threw exception; nested exception is java.lang.IllegalStateException: No instances available for uaa

Exception: Failed to instantiate [org.springframework.security.oauth2.provider.token.store.JwtAccessTokenConverter]: Factory method 'jwtAccessTokenConverter' threw exception; nested exception is java.lang.IllegalStateException: No instances available for uaa

Exception: No instances available for uaa

Exception: Error creating bean with name 'org.springframework.security.oauth2.config.annotation.web.configuration.ResourceServerConfiguration': Unsatisfied dependency expressed through field 'tokenStore': Error creating bean with name 'tokenStore' defined in class path resource [io/variability/jhipster/config/MicroserviceSecurityConfiguration.class]: Bean instantiation via factory method failed; nested exception is org.springframework.beans.BeanInstantiationException: Failed to instantiate [org.springframework.security.oauth2.provider.token.TokenStore]: Factory method 'tokenStore' threw exception; nested exception is org.springframework.beans.factory.BeanCreationException: Error creating bean with name 'jwtAccessTokenConverter' defined in class path resource [io/variability/jhipster/config/MicroserviceSecurityConfiguration.class]: Bean instantiation via factory method failed; nested exception is org.springframework.beans.BeanInstantiationException: Failed to instantiate [org.springframework.security.oauth2.provider.token.store.JwtAccessTokenConverter]: Factory method 'jwtAccessTokenConverter' threw exception; nested exception is java.lang.IllegalStateException: No instances available for uaa; nested exception is org.springframework.beans.factory.BeanCreationException: Error creating bean with name 'tokenStore' defined in class path resource [io/variability/jhipster/config/MicroserviceSecurityConfiguration.class]: Bean instantiation via factory method failed; nested exception is org.springframework.beans.BeanInstantiationException: Failed to instantiate [org.springframework.security.oauth2.provider.token.TokenStore]: Factory method 'tokenStore' threw exception; nested exception is org.springframework.beans.factory.BeanCreationException: Error creating bean with name 'jwtAccessTokenConverter' defined in class path resource [io/variability/jhipster/config/MicroserviceSecurityConfiguration.class]: Bean instantiation via factory method failed; nested exception is org.springframework.beans.BeanInstantiationException: Failed to instantiate [org.springframework.security.oauth2.provider.token.store.JwtAccessTokenConverter]: Factory method 'jwtAccessTokenConverter' threw exception; nested exception is java.lang.IllegalStateException: No instances available for uaa -> [Help 1]

Exception

Caused by: org.springframework.beans.factory.BeanCreationException: Error creating bean with name 'tokenStore' defined in class path resource [io/variability/jhipster/config/MicroserviceSecurityConfiguration.class]: Bean instantiation via factory method failed; nested exception is org.springframework.beans.BeanInstantiationException: Failed to instantiate [org.springframework.security.oauth2.provider.token.TokenStore]: Factory method 'tokenStore' threw exception; nested exception is org.springframework.beans.factory.BeanCreationException: Error creating bean with name 'jwtAccessTokenConverter' defined in class path resource [io/variability/jhipster/config/MicroserviceSecurityConfiguration.class]: Bean instantiation via factory method failed; nested exception is org.springframework.beans.BeanInstantiationException: Failed to instantiate [org.springframework.security.oauth2.provider.token.store.JwtAccessTokenConverter]: Factory method 'jwtAccessTokenConverter' threw exception; nested exception is java.lang.IllegalStateException: No instances available for uaa

Caused by: org.springframework.beans.BeanInstantiationException: Failed to instantiate [org.springframework.security.oauth2.provider.token.TokenStore]: Factory method 'tokenStore' threw exception; nested exception is org.springframework.beans.factory.BeanCreationException: Error creating bean with name 'jwtAccessTokenConverter' defined in class path resource [io/variability/jhipster/config/MicroserviceSecurityConfiguration.class]: Bean instantiation via factory method failed; nested exception is org.springframework.beans.BeanInstantiationException: Failed to instantiate [org.springframework.security.oauth2.provider.token.store.JwtAccessTokenConverter]: Factory method 'jwtAccessTokenConverter' threw exception; nested exception is java.lang.IllegalStateException: No instances available for uaa

Caused by: org.springframework.beans.factory.BeanCreationException: Error creating bean with name 'jwtAccessTokenConverter' defined in class path resource [io/variability/jhipster/config/MicroserviceSecurityConfiguration.class]: Bean instantiation via factory method failed; nested exception is org.springframework.beans.BeanInstantiationException: Failed to instantiate [org.springframework.security.oauth2.provider.token.store.JwtAccessTokenConverter]: Factory method 'jwtAccessTokenConverter' threw exception; nested exception is java.lang.IllegalStateException: No instances available for uaa

Caused by: org.springframework.beans.BeanInstantiationException: Failed to instantiate [org.springframework.security.oauth2.provider.token.store.JwtAccessTokenConverter]: Factory method 'jwtAccessTokenConverter' threw exception; nested exception is java.lang.IllegalStateException: No instances available for uaa

Caused by: java.lang.IllegalStateException: No instances available for uaa

Caused by: org.springframework.beans.factory.UnsatisfiedDependencyException: Error creating bean with name 'org.springframework.security.oauth2.config.annotation.web.configuration.ResourceServerConfiguration': Unsatisfied dependency expressed through field 'tokenStore': Error creating bean with name 'tokenStore' defined in class path resource [io/variability/jhipster/config/MicroserviceSecurityConfiguration.class]: Bean instantiation via factory method failed; nested exception is org.springframework.beans.BeanInstantiationException: Failed to instantiate [org.springframework.security.oauth2.provider.token.TokenStore]: Factory method 'tokenStore' threw exception; nested exception is org.springframework.beans.factory.BeanCreationException: Error creating bean with name 'jwtAccessTokenConverter' defined in class path resource [io/variability/jhipster/config/MicroserviceSecurityConfiguration.class]: Bean instantiation via factory method failed; nested exception is org.springframework.beans.BeanInstantiationException: Failed to instantiate [org.springframework.security.oauth2.provider.token.store.JwtAccessTokenConverter]: Factory method 'jwtAccessTokenConverter' threw exception; nested exception is java.lang.IllegalStateException: No instances available for uaa; nested exception is org.springframework.beans.factory.BeanCreationException: Error creating bean with name 'tokenStore' defined in class path resource [io/variability/jhipster/config/MicroserviceSecurityConfiguration.class]: Bean instantiation via factory method failed; nested exception is org.springframework.beans.BeanInstantiationException: Failed to instantiate [org.springframework.security.oauth2.provider.token.TokenStore]: Factory method 'tokenStore' threw exception; nested exception is org.springframework.beans.factory.BeanCreationException: Error creating bean with name 'jwtAccessTokenConverter' defined in class path resource [io/variability/jhipster/config/MicroserviceSecurityConfiguration.class]: Bean instantiation via factory method failed; nested exception is org.springframework.beans.BeanInstantiationException: Failed to instantiate [org.springframework.security.oauth2.provider.token.store.JwtAccessTokenConverter]: Factory method 'jwtAccessTokenConverter' threw exception; nested exception is java.lang.IllegalStateException: No instances available for uaa

Caused by: org.springframework.beans.factory.BeanCreationException: Error creating bean with name 'tokenStore' defined in class path resource [io/variability/jhipster/config/MicroserviceSecurityConfiguration.class]: Bean instantiation via factory method failed; nested exception is org.springframework.beans.BeanInstantiationException: Failed to instantiate [org.springframework.security.oauth2.provider.token.TokenStore]: Factory method 'tokenStore' threw exception; nested exception is org.springframework.beans.factory.BeanCreationException: Error creating bean with name 'jwtAccessTokenConverter' defined in class path resource [io/variability/jhipster/config/MicroserviceSecurityConfiguration.class]: Bean instantiation via factory method failed; nested exception is org.springframework.beans.BeanInstantiationException: Failed to instantiate [org.springframework.security.oauth2.provider.token.store.JwtAccessTokenConverter]: Factory method 'jwtAccessTokenConverter' threw exception; nested exception is java.lang.IllegalStateException: No instances available for uaa

Caused by: org.springframework.beans.BeanInstantiationException: Failed to instantiate [org.springframework.security.oauth2.provider.token.TokenStore]: Factory method 'tokenStore' threw exception; nested exception is org.springframework.beans.factory.BeanCreationException: Error creating bean with name 'jwtAccessTokenConverter' defined in class path resource [io/variability/jhipster/config/MicroserviceSecurityConfiguration.class]: Bean instantiation via factory method failed; nested exception is org.springframework.beans.BeanInstantiationException: Failed to instantiate [org.springframework.security.oauth2.provider.token.store.JwtAccessTokenConverter]: Factory method 'jwtAccessTokenConverter' threw exception; nested exception is java.lang.IllegalStateException: No instances available for uaa

Caused by: org.springframework.beans.factory.BeanCreationException: Error creating bean with name 'jwtAccessTokenConverter' defined in class path resource [io/variability/jhipster/config/MicroserviceSecurityConfiguration.class]: Bean instantiation via factory method failed; nested exception is org.springframework.beans.BeanInstantiationException: Failed to instantiate [org.springframework.security.oauth2.provider.token.store.JwtAccessTokenConverter]: Factory method 'jwtAccessTokenConverter' threw exception; nested exception is java.lang.IllegalStateException: No instances available for uaa

Caused by: org.springframework.beans.BeanInstantiationException: Failed to instantiate [org.springframework.security.oauth2.provider.token.store.JwtAccessTokenConverter]: Factory method 'jwtAccessTokenConverter' threw exception; nested exception is java.lang.IllegalStateException: No instances available for uaa

Caused by: java.lang.IllegalStateException: No instances available for uaa

[ERROR] bower angular                                              extra-resolution Unnecessary resolution: angular#1.5.8
[ERROR] bower angular-bootstrap                                    extra-resolution Unnecessary resolution: angular-bootstrap#2.0.0
[ERROR] bower jquery                                               extra-resolution Unnecessary resolution: jquery#3.1.0
[ERROR] Failed to execute goal org.springframework.boot:spring-boot-maven-plugin:1.4.0.RELEASE:run (default-cli) on project jhipster: An exception occurred while running. null: InvocationTargetException: Error creating bean with name 'org.springframework.security.oauth2.config.annotation.web.configuration.ResourceServerConfiguration': Unsatisfied dependency expressed through field 'tokenStore': Error creating bean with name 'tokenStore' defined in class path resource [io/variability/jhipster/config/MicroserviceSecurityConfiguration.class]: Bean instantiation via factory method failed; nested exception is org.springframework.beans.BeanInstantiationException: Failed to instantiate [org.springframework.security.oauth2.provider.token.TokenStore]: Factory method 'tokenStore' threw exception; nested exception is org.springframework.beans.factory.BeanCreationException: Error creating bean with name 'jwtAccessTokenConverter' defined in class path resource [io/variability/jhipster/config/MicroserviceSecurityConfiguration.class]: Bean instantiation via factory method failed; nested exception is org.springframework.beans.BeanInstantiationException: Failed to instantiate [org.springframework.security.oauth2.provider.token.store.JwtAccessTokenConverter]: Factory method 'jwtAccessTokenConverter' threw exception; nested exception is java.lang.IllegalStateException: No instances available for uaa; nested exception is org.springframework.beans.factory.BeanCreationException: Error creating bean with name 'tokenStore' defined in class path resource [io/variability/jhipster/config/MicroserviceSecurityConfiguration.class]: Bean instantiation via factory method failed; nested exception is org.springframework.beans.BeanInstantiationException: Failed to instantiate [org.springframework.security.oauth2.provider.token.TokenStore]: Factory method 'tokenStore' threw exception; nested exception is org.springframework.beans.factory.BeanCreationException: Error creating bean with name 'jwtAccessTokenConverter' defined in class path resource [io/variability/jhipster/config/MicroserviceSecurityConfiguration.class]: Bean instantiation via factory method failed; nested exception is org.springframework.beans.BeanInstantiationException: Failed to instantiate [org.springframework.security.oauth2.provider.token.store.JwtAccessTokenConverter]: Factory method 'jwtAccessTokenConverter' threw exception; nested exception is java.lang.IllegalStateException: No instances available for uaa -> [Help 1]
[ERROR] 
[ERROR] To see the full stack trace of the errors, re-run Maven with the -e switch.
[ERROR] Re-run Maven using the -X switch to enable full debug logging.
[ERROR] 
[ERROR] For more information about the errors and possible solutions, please read the following articles:
[ERROR] [Help 1] http://cwiki.apache.org/confluence/display/MAVEN/MojoExecutionException
","BUG2:UAAAuthentication"
"1484277609358","jhipster8401","true","""gateway""","""uaa""","""hazelcast""","""hazelcast""","""spring-websocket""","""sql""","""DiskBased""","""postgresql""","""gradle""","""no""","false","false","true","[""protractor"",""cucumber"",""gatling""]","OK","ExceptionHandlingAsyncTaskExecutor.java

Exception.java

ExceptionTranslator.java

","21.55","OK","","27.938 ","KO","Exception encountered during context initialization - cancelling refresh attempt: org.springframework.beans.factory.UnsatisfiedDependencyException: Error creating bean with name 'org.springframework.security.oauth2.config.annotation.web.configuration.ResourceServerConfiguration': Unsatisfied dependency expressed through field 'tokenStore': Error creating bean with name 'tokenStore' defined in class path resource [io/variability/jhipster/config/MicroserviceSecurityConfiguration.class]: Bean instantiation via factory method failed; nested exception is org.springframework.beans.BeanInstantiationException: Failed to instantiate [org.springframework.security.oauth2.provider.token.TokenStore]: Factory method 'tokenStore' threw exception; nested exception is org.springframework.beans.factory.BeanCreationException: Error creating bean with name 'jwtAccessTokenConverter' defined in class path resource [io/variability/jhipster/config/MicroserviceSecurityConfiguration.class]: Bean instantiation via factory method failed; nested exception is org.springframework.beans.BeanInstantiationException: Failed to instantiate [org.springframework.security.oauth2.provider.token.store.JwtAccessTokenConverter]: Factory method 'jwtAccessTokenConverter' threw exception; nested exception is java.lang.IllegalStateException: No instances available for uaa; nested exception is org.springframework.beans.factory.BeanCreationException: Error creating bean with name 'tokenStore' defined in class path resource [io/variability/jhipster/config/MicroserviceSecurityConfiguration.class]: Bean instantiation via factory method failed; nested exception is org.springframework.beans.BeanInstantiationException: Failed to instantiate [org.springframework.security.oauth2.provider.token.TokenStore]: Factory method 'tokenStore' threw exception; nested exception is org.springframework.beans.factory.BeanCreationException: Error creating bean with name 'jwtAccessTokenConverter' defined in class path resource [io/variability/jhipster/config/MicroserviceSecurityConfiguration.class]: Bean instantiation via factory method failed; nested exception is org.springframework.beans.BeanInstantiationException: Failed to instantiate [org.springframework.security.oauth2.provider.token.store.JwtAccessTokenConverter]: Factory method 'jwtAccessTokenConverter' threw exception; nested exception is java.lang.IllegalStateException: No instances available for uaa

Exception: Error creating bean with name 'eurekaInstanceConfigBean': Singleton bean creation not allowed while the singletons of this factory are in destruction (Do not request a bean from a BeanFactory in a destroy method implementation!)

Exception: Error creating bean with name 'org.springframework.security.oauth2.config.annotation.web.configuration.ResourceServerConfiguration': Unsatisfied dependency expressed through field 'tokenStore': Error creating bean with name 'tokenStore' defined in class path resource [io/variability/jhipster/config/MicroserviceSecurityConfiguration.class]: Bean instantiation via factory method failed; nested exception is org.springframework.beans.BeanInstantiationException: Failed to instantiate [org.springframework.security.oauth2.provider.token.TokenStore]: Factory method 'tokenStore' threw exception; nested exception is org.springframework.beans.factory.BeanCreationException: Error creating bean with name 'jwtAccessTokenConverter' defined in class path resource [io/variability/jhipster/config/MicroserviceSecurityConfiguration.class]: Bean instantiation via factory method failed; nested exception is org.springframework.beans.BeanInstantiationException: Failed to instantiate [org.springframework.security.oauth2.provider.token.store.JwtAccessTokenConverter]: Factory method 'jwtAccessTokenConverter' threw exception; nested exception is java.lang.IllegalStateException: No instances available for uaa; nested exception is org.springframework.beans.factory.BeanCreationException: Error creating bean with name 'tokenStore' defined in class path resource [io/variability/jhipster/config/MicroserviceSecurityConfiguration.class]: Bean instantiation via factory method failed; nested exception is org.springframework.beans.BeanInstantiationException: Failed to instantiate [org.springframework.security.oauth2.provider.token.TokenStore]: Factory method 'tokenStore' threw exception; nested exception is org.springframework.beans.factory.BeanCreationException: Error creating bean with name 'jwtAccessTokenConverter' defined in class path resource [io/variability/jhipster/config/MicroserviceSecurityConfiguration.class]: Bean instantiation via factory method failed; nested exception is org.springframework.beans.BeanInstantiationException: Failed to instantiate [org.springframework.security.oauth2.provider.token.store.JwtAccessTokenConverter]: Factory method 'jwtAccessTokenConverter' threw exception; nested exception is java.lang.IllegalStateException: No instances available for uaa

Exception: Error creating bean with name 'tokenStore' defined in class path resource [io/variability/jhipster/config/MicroserviceSecurityConfiguration.class]: Bean instantiation via factory method failed; nested exception is org.springframework.beans.BeanInstantiationException: Failed to instantiate [org.springframework.security.oauth2.provider.token.TokenStore]: Factory method 'tokenStore' threw exception; nested exception is org.springframework.beans.factory.BeanCreationException: Error creating bean with name 'jwtAccessTokenConverter' defined in class path resource [io/variability/jhipster/config/MicroserviceSecurityConfiguration.class]: Bean instantiation via factory method failed; nested exception is org.springframework.beans.BeanInstantiationException: Failed to instantiate [org.springframework.security.oauth2.provider.token.store.JwtAccessTokenConverter]: Factory method 'jwtAccessTokenConverter' threw exception; nested exception is java.lang.IllegalStateException: No instances available for uaa

Exception: Failed to instantiate [org.springframework.security.oauth2.provider.token.TokenStore]: Factory method 'tokenStore' threw exception; nested exception is org.springframework.beans.factory.BeanCreationException: Error creating bean with name 'jwtAccessTokenConverter' defined in class path resource [io/variability/jhipster/config/MicroserviceSecurityConfiguration.class]: Bean instantiation via factory method failed; nested exception is org.springframework.beans.BeanInstantiationException: Failed to instantiate [org.springframework.security.oauth2.provider.token.store.JwtAccessTokenConverter]: Factory method 'jwtAccessTokenConverter' threw exception; nested exception is java.lang.IllegalStateException: No instances available for uaa

Exception: Error creating bean with name 'jwtAccessTokenConverter' defined in class path resource [io/variability/jhipster/config/MicroserviceSecurityConfiguration.class]: Bean instantiation via factory method failed; nested exception is org.springframework.beans.BeanInstantiationException: Failed to instantiate [org.springframework.security.oauth2.provider.token.store.JwtAccessTokenConverter]: Factory method 'jwtAccessTokenConverter' threw exception; nested exception is java.lang.IllegalStateException: No instances available for uaa

Exception: Failed to instantiate [org.springframework.security.oauth2.provider.token.store.JwtAccessTokenConverter]: Factory method 'jwtAccessTokenConverter' threw exception; nested exception is java.lang.IllegalStateException: No instances available for uaa

Exception: No instances available for uaa

Caused by: org.springframework.beans.factory.BeanCreationException: Error creating bean with name 'tokenStore' defined in class path resource [io/variability/jhipster/config/MicroserviceSecurityConfiguration.class]: Bean instantiation via factory method failed; nested exception is org.springframework.beans.BeanInstantiationException: Failed to instantiate [org.springframework.security.oauth2.provider.token.TokenStore]: Factory method 'tokenStore' threw exception; nested exception is org.springframework.beans.factory.BeanCreationException: Error creating bean with name 'jwtAccessTokenConverter' defined in class path resource [io/variability/jhipster/config/MicroserviceSecurityConfiguration.class]: Bean instantiation via factory method failed; nested exception is org.springframework.beans.BeanInstantiationException: Failed to instantiate [org.springframework.security.oauth2.provider.token.store.JwtAccessTokenConverter]: Factory method 'jwtAccessTokenConverter' threw exception; nested exception is java.lang.IllegalStateException: No instances available for uaa

Caused by: org.springframework.beans.BeanInstantiationException: Failed to instantiate [org.springframework.security.oauth2.provider.token.TokenStore]: Factory method 'tokenStore' threw exception; nested exception is org.springframework.beans.factory.BeanCreationException: Error creating bean with name 'jwtAccessTokenConverter' defined in class path resource [io/variability/jhipster/config/MicroserviceSecurityConfiguration.class]: Bean instantiation via factory method failed; nested exception is org.springframework.beans.BeanInstantiationException: Failed to instantiate [org.springframework.security.oauth2.provider.token.store.JwtAccessTokenConverter]: Factory method 'jwtAccessTokenConverter' threw exception; nested exception is java.lang.IllegalStateException: No instances available for uaa

Caused by: org.springframework.beans.factory.BeanCreationException: Error creating bean with name 'jwtAccessTokenConverter' defined in class path resource [io/variability/jhipster/config/MicroserviceSecurityConfiguration.class]: Bean instantiation via factory method failed; nested exception is org.springframework.beans.BeanInstantiationException: Failed to instantiate [org.springframework.security.oauth2.provider.token.store.JwtAccessTokenConverter]: Factory method 'jwtAccessTokenConverter' threw exception; nested exception is java.lang.IllegalStateException: No instances available for uaa

Caused by: org.springframework.beans.BeanInstantiationException: Failed to instantiate [org.springframework.security.oauth2.provider.token.store.JwtAccessTokenConverter]: Factory method 'jwtAccessTokenConverter' threw exception; nested exception is java.lang.IllegalStateException: No instances available for uaa

Caused by: java.lang.IllegalStateException: No instances available for uaa

ERROR:  relation ""public.databasechangeloglock"" does not exist at character 22

","BUG2:UAAAuthentication"
"1484200748519","jhipster2980","true","""monolith""","""oauth2""","""no""","""no""","""no""","""sql""","""mariadb""","""mariadb""","""maven""","""no""","false","true","false","[""protractor"",""cucumber"",""gatling""]","OK","Exception.java

ExceptionHandlingAsyncTaskExecutor.java

Exception.java

ExceptionTranslator.java

","25.528","OK","","3.709","KO","Error parsing reference: ""jhipster - jhipster-mariadb"" is not a valid repository/tag
","BUG3:mariadb"
"1484704783579","jhipster12823","true","""monolith""","""session""","""hazelcast""","""hazelcast""","""spring-websocket""","""sql""","""InMemory""","""mysql""","""maven""","""elasticsearch""","true","false","true","[""gatling"",""protractor"",""cucumber""]","OK","Exception.java

ExceptionHandlingAsyncTaskExecutor.java

Exception.java

ExceptionTranslator.java

","26.407","OK","","5.273","KO","Exception encountered during context initialization - cancelling refresh attempt: org.springframework.beans.factory.BeanCreationException: Error creating bean with name 'liquibase' defined in class path resource [io/variability/jhipster/config/DatabaseConfiguration.class]: Invocation of init method failed; nested exception is com.zaxxer.hikari.pool.HikariPool$PoolInitializationException: Failed to initialize pool: Communications link failure

Exception: Error creating bean with name 'metaDataSourceAdvisor': Cannot resolve reference to bean 'methodSecurityMetadataSource' while setting constructor argument; nested exception is org.springframework.beans.factory.BeanCreationException: Error creating bean with name 'org.springframework.security.config.annotation.method.configuration.GlobalMethodSecurityConfiguration': Initialization of bean failed; nested exception is org.springframework.beans.factory.NoSuchBeanDefinitionException: No bean named 'org.springframework.context.annotation.ConfigurationClassPostProcessor.importRegistry' is defined)

Exception: Error creating bean with name 'liquibase' defined in class path resource [io/variability/jhipster/config/DatabaseConfiguration.class]: Invocation of init method failed; nested exception is com.zaxxer.hikari.pool.HikariPool$PoolInitializationException: Failed to initialize pool: Communications link failure

Exception: Failed to initialize pool: Communications link failure

Exception: Communications link failure

Exception(SQLError.java:988)

Exception: Connection refused (Connection refused)

Caused by: com.zaxxer.hikari.pool.HikariPool$PoolInitializationException: Failed to initialize pool: Communications link failure

Caused by: com.mysql.jdbc.exceptions.jdbc4.CommunicationsException: Communications link failure

Caused by: java.net.ConnectException: Connection refused (Connection refused)

","BUG4:SQL"
"1484268378519","jhipster5993","false","""monolith""","""oauth2""","""no""","""hazelcast""","""spring-websocket""","""sql""","""mariadb""","""mariadb""","""gradle""","""no""","false","true","false","[""protractor"",""gatling"",""cucumber""]","OK","Exception.java

ExceptionHandlingAsyncTaskExecutor.java

Exception.java

ExceptionTranslator.java

","33.418","OK","","24.523 ","KO","Exception encountered during context initialization - cancelling refresh attempt: org.springframework.beans.factory.BeanCreationException: Error creating bean with name 'liquibase' defined in class path resource [io/variability/jhipster/config/DatabaseConfiguration.class]: Invocation of init method failed; nested exception is java.lang.RuntimeException: Failed to get driver instance for jdbcUrl=jdbc:mariadb://localhost:3306/jhipster

Exception: Error creating bean with name 'org.springframework.cache.annotation.ProxyCachingConfiguration': Initialization of bean failed; nested exception is org.springframework.beans.factory.NoSuchBeanDefinitionException: No bean named 'org.springframework.context.annotation.ConfigurationClassPostProcessor.importRegistry' is defined)

Exception: Error creating bean with name 'liquibase' defined in class path resource [io/variability/jhipster/config/DatabaseConfiguration.class]: Invocation of init method failed; nested exception is java.lang.RuntimeException: Failed to get driver instance for jdbcUrl=jdbc:mariadb://localhost:3306/jhipster

Exception: Failed to get driver instance for jdbcUrl=jdbc:mariadb://localhost:3306/jhipster

Exception: No suitable driver

Caused by: java.lang.RuntimeException: Failed to get driver instance for jdbcUrl=jdbc:mariadb://localhost:3306/jhipster

Caused by: java.sql.SQLException: No suitable driver

","BUG1:mariadb"
"1484426008316","jhipster10972","true","""gateway""","""uaa""","""no""","""no""","""no""","""sql""","""mysql""","""mysql""","""gradle""","""elasticsearch""","false","false","true","[""gatling"",""cucumber"",""protractor""]","OK","ExceptionHandlingAsyncTaskExecutor.java

Exception.java

ExceptionTranslator.java

","19.94","OK","","20.641 ","KO","Exception encountered during context initialization - cancelling refresh attempt: org.springframework.beans.factory.UnsatisfiedDependencyException: Error creating bean with name 'org.springframework.security.oauth2.config.annotation.web.configuration.ResourceServerConfiguration': Unsatisfied dependency expressed through field 'tokenStore': Error creating bean with name 'tokenStore' defined in class path resource [io/variability/jhipster/config/MicroserviceSecurityConfiguration.class]: Bean instantiation via factory method failed; nested exception is org.springframework.beans.BeanInstantiationException: Failed to instantiate [org.springframework.security.oauth2.provider.token.TokenStore]: Factory method 'tokenStore' threw exception; nested exception is org.springframework.beans.factory.BeanCreationException: Error creating bean with name 'jwtAccessTokenConverter' defined in class path resource [io/variability/jhipster/config/MicroserviceSecurityConfiguration.class]: Bean instantiation via factory method failed; nested exception is org.springframework.beans.BeanInstantiationException: Failed to instantiate [org.springframework.security.oauth2.provider.token.store.JwtAccessTokenConverter]: Factory method 'jwtAccessTokenConverter' threw exception; nested exception is java.lang.IllegalStateException: No instances available for uaa; nested exception is org.springframework.beans.factory.BeanCreationException: Error creating bean with name 'tokenStore' defined in class path resource [io/variability/jhipster/config/MicroserviceSecurityConfiguration.class]: Bean instantiation via factory method failed; nested exception is org.springframework.beans.BeanInstantiationException: Failed to instantiate [org.springframework.security.oauth2.provider.token.TokenStore]: Factory method 'tokenStore' threw exception; nested exception is org.springframework.beans.factory.BeanCreationException: Error creating bean with name 'jwtAccessTokenConverter' defined in class path resource [io/variability/jhipster/config/MicroserviceSecurityConfiguration.class]: Bean instantiation via factory method failed; nested exception is org.springframework.beans.BeanInstantiationException: Failed to instantiate [org.springframework.security.oauth2.provider.token.store.JwtAccessTokenConverter]: Factory method 'jwtAccessTokenConverter' threw exception; nested exception is java.lang.IllegalStateException: No instances available for uaa

Exception: Error creating bean with name 'eurekaInstanceConfigBean': Singleton bean creation not allowed while the singletons of this factory are in destruction (Do not request a bean from a BeanFactory in a destroy method implementation!)

Exception: Error creating bean with name 'org.springframework.security.oauth2.config.annotation.web.configuration.ResourceServerConfiguration': Unsatisfied dependency expressed through field 'tokenStore': Error creating bean with name 'tokenStore' defined in class path resource [io/variability/jhipster/config/MicroserviceSecurityConfiguration.class]: Bean instantiation via factory method failed; nested exception is org.springframework.beans.BeanInstantiationException: Failed to instantiate [org.springframework.security.oauth2.provider.token.TokenStore]: Factory method 'tokenStore' threw exception; nested exception is org.springframework.beans.factory.BeanCreationException: Error creating bean with name 'jwtAccessTokenConverter' defined in class path resource [io/variability/jhipster/config/MicroserviceSecurityConfiguration.class]: Bean instantiation via factory method failed; nested exception is org.springframework.beans.BeanInstantiationException: Failed to instantiate [org.springframework.security.oauth2.provider.token.store.JwtAccessTokenConverter]: Factory method 'jwtAccessTokenConverter' threw exception; nested exception is java.lang.IllegalStateException: No instances available for uaa; nested exception is org.springframework.beans.factory.BeanCreationException: Error creating bean with name 'tokenStore' defined in class path resource [io/variability/jhipster/config/MicroserviceSecurityConfiguration.class]: Bean instantiation via factory method failed; nested exception is org.springframework.beans.BeanInstantiationException: Failed to instantiate [org.springframework.security.oauth2.provider.token.TokenStore]: Factory method 'tokenStore' threw exception; nested exception is org.springframework.beans.factory.BeanCreationException: Error creating bean with name 'jwtAccessTokenConverter' defined in class path resource [io/variability/jhipster/config/MicroserviceSecurityConfiguration.class]: Bean instantiation via factory method failed; nested exception is org.springframework.beans.BeanInstantiationException: Failed to instantiate [org.springframework.security.oauth2.provider.token.store.JwtAccessTokenConverter]: Factory method 'jwtAccessTokenConverter' threw exception; nested exception is java.lang.IllegalStateException: No instances available for uaa

Exception: Error creating bean with name 'tokenStore' defined in class path resource [io/variability/jhipster/config/MicroserviceSecurityConfiguration.class]: Bean instantiation via factory method failed; nested exception is org.springframework.beans.BeanInstantiationException: Failed to instantiate [org.springframework.security.oauth2.provider.token.TokenStore]: Factory method 'tokenStore' threw exception; nested exception is org.springframework.beans.factory.BeanCreationException: Error creating bean with name 'jwtAccessTokenConverter' defined in class path resource [io/variability/jhipster/config/MicroserviceSecurityConfiguration.class]: Bean instantiation via factory method failed; nested exception is org.springframework.beans.BeanInstantiationException: Failed to instantiate [org.springframework.security.oauth2.provider.token.store.JwtAccessTokenConverter]: Factory method 'jwtAccessTokenConverter' threw exception; nested exception is java.lang.IllegalStateException: No instances available for uaa

Exception: Failed to instantiate [org.springframework.security.oauth2.provider.token.TokenStore]: Factory method 'tokenStore' threw exception; nested exception is org.springframework.beans.factory.BeanCreationException: Error creating bean with name 'jwtAccessTokenConverter' defined in class path resource [io/variability/jhipster/config/MicroserviceSecurityConfiguration.class]: Bean instantiation via factory method failed; nested exception is org.springframework.beans.BeanInstantiationException: Failed to instantiate [org.springframework.security.oauth2.provider.token.store.JwtAccessTokenConverter]: Factory method 'jwtAccessTokenConverter' threw exception; nested exception is java.lang.IllegalStateException: No instances available for uaa

Exception: Error creating bean with name 'jwtAccessTokenConverter' defined in class path resource [io/variability/jhipster/config/MicroserviceSecurityConfiguration.class]: Bean instantiation via factory method failed; nested exception is org.springframework.beans.BeanInstantiationException: Failed to instantiate [org.springframework.security.oauth2.provider.token.store.JwtAccessTokenConverter]: Factory method 'jwtAccessTokenConverter' threw exception; nested exception is java.lang.IllegalStateException: No instances available for uaa

Exception: Failed to instantiate [org.springframework.security.oauth2.provider.token.store.JwtAccessTokenConverter]: Factory method 'jwtAccessTokenConverter' threw exception; nested exception is java.lang.IllegalStateException: No instances available for uaa

Exception: No instances available for uaa

Caused by: org.springframework.beans.factory.BeanCreationException: Error creating bean with name 'tokenStore' defined in class path resource [io/variability/jhipster/config/MicroserviceSecurityConfiguration.class]: Bean instantiation via factory method failed; nested exception is org.springframework.beans.BeanInstantiationException: Failed to instantiate [org.springframework.security.oauth2.provider.token.TokenStore]: Factory method 'tokenStore' threw exception; nested exception is org.springframework.beans.factory.BeanCreationException: Error creating bean with name 'jwtAccessTokenConverter' defined in class path resource [io/variability/jhipster/config/MicroserviceSecurityConfiguration.class]: Bean instantiation via factory method failed; nested exception is org.springframework.beans.BeanInstantiationException: Failed to instantiate [org.springframework.security.oauth2.provider.token.store.JwtAccessTokenConverter]: Factory method 'jwtAccessTokenConverter' threw exception; nested exception is java.lang.IllegalStateException: No instances available for uaa

Caused by: org.springframework.beans.BeanInstantiationException: Failed to instantiate [org.springframework.security.oauth2.provider.token.TokenStore]: Factory method 'tokenStore' threw exception; nested exception is org.springframework.beans.factory.BeanCreationException: Error creating bean with name 'jwtAccessTokenConverter' defined in class path resource [io/variability/jhipster/config/MicroserviceSecurityConfiguration.class]: Bean instantiation via factory method failed; nested exception is org.springframework.beans.BeanInstantiationException: Failed to instantiate [org.springframework.security.oauth2.provider.token.store.JwtAccessTokenConverter]: Factory method 'jwtAccessTokenConverter' threw exception; nested exception is java.lang.IllegalStateException: No instances available for uaa

Caused by: org.springframework.beans.factory.BeanCreationException: Error creating bean with name 'jwtAccessTokenConverter' defined in class path resource [io/variability/jhipster/config/MicroserviceSecurityConfiguration.class]: Bean instantiation via factory method failed; nested exception is org.springframework.beans.BeanInstantiationException: Failed to instantiate [org.springframework.security.oauth2.provider.token.store.JwtAccessTokenConverter]: Factory method 'jwtAccessTokenConverter' threw exception; nested exception is java.lang.IllegalStateException: No instances available for uaa

Caused by: org.springframework.beans.BeanInstantiationException: Failed to instantiate [org.springframework.security.oauth2.provider.token.store.JwtAccessTokenConverter]: Factory method 'jwtAccessTokenConverter' threw exception; nested exception is java.lang.IllegalStateException: No instances available for uaa

Caused by: java.lang.IllegalStateException: No instances available for uaa

","BUG2:UAAAuthentication"
"1484691879364","jhipster12210","true","""monolith""","""oauth2""","""no""","""no""","""spring-websocket""","""sql""","""DiskBased""","""mysql""","""maven""","""no""","false","true","true","[""protractor"",""cucumber"",""gatling""]","OK","Exception.java

ExceptionHandlingAsyncTaskExecutor.java

Exception.java

ExceptionTranslator.java

","29.998","OK","","4.804","KO","Exception encountered during context initialization - cancelling refresh attempt: org.springframework.beans.factory.BeanCreationException: Error creating bean with name 'liquibase' defined in class path resource [io/variability/jhipster/config/DatabaseConfiguration.class]: Invocation of init method failed; nested exception is com.zaxxer.hikari.pool.HikariPool$PoolInitializationException: Failed to initialize pool: Communications link failure

Exception: Error creating bean with name 'org.springframework.cache.annotation.ProxyCachingConfiguration': Initialization of bean failed; nested exception is org.springframework.beans.factory.NoSuchBeanDefinitionException: No bean named 'org.springframework.context.annotation.ConfigurationClassPostProcessor.importRegistry' is defined)

Exception: Error creating bean with name 'liquibase' defined in class path resource [io/variability/jhipster/config/DatabaseConfiguration.class]: Invocation of init method failed; nested exception is com.zaxxer.hikari.pool.HikariPool$PoolInitializationException: Failed to initialize pool: Communications link failure

Exception: Failed to initialize pool: Communications link failure

Exception: Communications link failure

Exception(SQLError.java:988)

Exception: Connection refused (Connection refused)

Caused by: com.zaxxer.hikari.pool.HikariPool$PoolInitializationException: Failed to initialize pool: Communications link failure

Caused by: com.mysql.jdbc.exceptions.jdbc4.CommunicationsException: Communications link failure

Caused by: java.net.ConnectException: Connection refused (Connection refused)

[ERROR] bower angular                                              extra-resolution Unnecessary resolution: angular#1.5.8
[ERROR] bower angular-bootstrap                                    extra-resolution Unnecessary resolution: angular-bootstrap#2.0.0
[ERROR] bower jquery                                               extra-resolution Unnecessary resolution: jquery#3.1.0
","BUG4:SQL"
"1484182338346","jhipster666","true","""monolith""","""session""","""no""","""hazelcast""","""no""","""sql""","""InMemory""","""mariadb""","""gradle""","""no""","true","true","true","[""cucumber"",""protractor"",""gatling""]","OK","Exception.java

ExceptionHandlingAsyncTaskExecutor.java

Exception.java

ExceptionTranslator.java

","29.877","OK","","27.197 ","KO","Error parsing reference: ""jhipster - jhipster-mariadb"" is not a valid repository/tag
","BUG3:mariadb"
"1484602722081","jhipster435","true","""microservice""","""uaa""","""ehcache""","ND","ND","""sql""","""DiskBased""","""mariadb""","""gradle""","""elasticsearch""","ND","ND","false","[""gatling"",""cucumber""]","OK","ExceptionHandlingAsyncTaskExecutor.java

Exception.java

ExceptionTranslator.java

","3.227","OK","","17.612 ","KO","Exception encountered during context initialization - cancelling refresh attempt: org.springframework.beans.factory.BeanCreationException: Error creating bean with name 'liquibase' defined in class path resource [io/variability/jhipster/config/DatabaseConfiguration.class]: Invocation of init method failed; nested exception is java.lang.RuntimeException: Failed to get driver instance for jdbcUrl=jdbc:mariadb://mariadb:3306/jhipster

Exception: Error creating bean with name 'metaDataSourceAdvisor': Cannot resolve reference to bean 'methodSecurityMetadataSource' while setting constructor argument; nested exception is org.springframework.beans.factory.BeanCreationException: Error creating bean with name 'org.springframework.security.config.annotation.method.configuration.GlobalMethodSecurityConfiguration': Injection of autowired dependencies failed; nested exception is java.lang.RuntimeException: Could not postProcess org.springframework.security.access.expression.method.DefaultMethodSecurityExpressionHandler@5a5c128 of type class org.springframework.security.access.expression.method.DefaultMethodSecurityExpressionHandler)

Exception: Error creating bean with name 'liquibase' defined in class path resource [io/variability/jhipster/config/DatabaseConfiguration.class]: Invocation of init method failed; nested exception is java.lang.RuntimeException: Failed to get driver instance for jdbcUrl=jdbc:mariadb://mariadb:3306/jhipster

Exception: Failed to get driver instance for jdbcUrl=jdbc:mariadb://mariadb:3306/jhipster

Exception: No suitable driver

Caused by: java.lang.RuntimeException: Failed to get driver instance for jdbcUrl=jdbc:mariadb://mariadb:3306/jhipster

Caused by: java.sql.SQLException: No suitable driver

[33mjhipster-mariadb          |[0m 2017-01-16 21:49:52 140515103061952 [ERROR] Aborting
ERROR: 1049  Unknown database 'test'

","BUG1:mariadb"
"1484507559512","jhipster11306","true","""gateway""","""jwt""","""no""","""hazelcast""","""no""","""sql""","""mariadb""","""mariadb""","""gradle""","""no""","false","false","false","[""cucumber"",""protractor"",""gatling""]","OK","Exception.java

ExceptionHandlingAsyncTaskExecutor.java

Exception.java

ExceptionTranslator.java

","20.469","OK","","18.214 ","KO","Exception encountered during context initialization - cancelling refresh attempt: org.springframework.beans.factory.BeanCreationException: Error creating bean with name 'liquibase' defined in class path resource [io/variability/jhipster/config/DatabaseConfiguration.class]: Invocation of init method failed; nested exception is java.lang.RuntimeException: Failed to get driver instance for jdbcUrl=jdbc:mariadb://mariadb:3306/jhipster

Exception: Error creating bean with name 'org.springframework.transaction.config.internalTransactionAdvisor' defined in class path resource [org/springframework/transaction/annotation/ProxyTransactionManagementConfiguration.class]: Bean instantiation via factory method failed; nested exception is org.springframework.beans.BeanInstantiationException: Failed to instantiate [org.springframework.transaction.interceptor.BeanFactoryTransactionAttributeSourceAdvisor]: Factory method 'transactionAdvisor' threw exception; nested exception is java.lang.NullPointerException)

Exception: Error creating bean with name 'liquibase' defined in class path resource [io/variability/jhipster/config/DatabaseConfiguration.class]: Invocation of init method failed; nested exception is java.lang.RuntimeException: Failed to get driver instance for jdbcUrl=jdbc:mariadb://mariadb:3306/jhipster

Exception: Failed to get driver instance for jdbcUrl=jdbc:mariadb://mariadb:3306/jhipster

Exception: No suitable driver

Caused by: java.lang.RuntimeException: Failed to get driver instance for jdbcUrl=jdbc:mariadb://mariadb:3306/jhipster

Caused by: java.sql.SQLException: No suitable driver

[32mjhipster-mariadb     |[0m 2017-01-15 19:20:43 140301809190848 [ERROR] Aborting
ERROR: 1049  Unknown database 'test'

","BUG1:mariadb"
"1484606039434","jhipster737","true","""gateway""","""uaa""","""ehcache""","""no""","""spring-websocket""","""sql""","""InMemory""","""postgresql""","""gradle""","""no""","false","false","false","[""cucumber"",""gatling"",""protractor""]","OK","ExceptionHandlingAsyncTaskExecutor.java

Exception.java

ExceptionTranslator.java

","23.416","OK","","27.303 ","KO","Exception encountered during context initialization - cancelling refresh attempt: org.springframework.beans.factory.UnsatisfiedDependencyException: Error creating bean with name 'org.springframework.security.oauth2.config.annotation.web.configuration.ResourceServerConfiguration': Unsatisfied dependency expressed through field 'tokenStore': Error creating bean with name 'tokenStore' defined in class path resource [io/variability/jhipster/config/MicroserviceSecurityConfiguration.class]: Bean instantiation via factory method failed; nested exception is org.springframework.beans.BeanInstantiationException: Failed to instantiate [org.springframework.security.oauth2.provider.token.TokenStore]: Factory method 'tokenStore' threw exception; nested exception is org.springframework.beans.factory.BeanCreationException: Error creating bean with name 'jwtAccessTokenConverter' defined in class path resource [io/variability/jhipster/config/MicroserviceSecurityConfiguration.class]: Bean instantiation via factory method failed; nested exception is org.springframework.beans.BeanInstantiationException: Failed to instantiate [org.springframework.security.oauth2.provider.token.store.JwtAccessTokenConverter]: Factory method 'jwtAccessTokenConverter' threw exception; nested exception is java.lang.IllegalStateException: No instances available for uaa; nested exception is org.springframework.beans.factory.BeanCreationException: Error creating bean with name 'tokenStore' defined in class path resource [io/variability/jhipster/config/MicroserviceSecurityConfiguration.class]: Bean instantiation via factory method failed; nested exception is org.springframework.beans.BeanInstantiationException: Failed to instantiate [org.springframework.security.oauth2.provider.token.TokenStore]: Factory method 'tokenStore' threw exception; nested exception is org.springframework.beans.factory.BeanCreationException: Error creating bean with name 'jwtAccessTokenConverter' defined in class path resource [io/variability/jhipster/config/MicroserviceSecurityConfiguration.class]: Bean instantiation via factory method failed; nested exception is org.springframework.beans.BeanInstantiationException: Failed to instantiate [org.springframework.security.oauth2.provider.token.store.JwtAccessTokenConverter]: Factory method 'jwtAccessTokenConverter' threw exception; nested exception is java.lang.IllegalStateException: No instances available for uaa

Exception: Error creating bean with name 'eurekaInstanceConfigBean': Singleton bean creation not allowed while the singletons of this factory are in destruction (Do not request a bean from a BeanFactory in a destroy method implementation!)

Exception: Error creating bean with name 'org.springframework.security.oauth2.config.annotation.web.configuration.ResourceServerConfiguration': Unsatisfied dependency expressed through field 'tokenStore': Error creating bean with name 'tokenStore' defined in class path resource [io/variability/jhipster/config/MicroserviceSecurityConfiguration.class]: Bean instantiation via factory method failed; nested exception is org.springframework.beans.BeanInstantiationException: Failed to instantiate [org.springframework.security.oauth2.provider.token.TokenStore]: Factory method 'tokenStore' threw exception; nested exception is org.springframework.beans.factory.BeanCreationException: Error creating bean with name 'jwtAccessTokenConverter' defined in class path resource [io/variability/jhipster/config/MicroserviceSecurityConfiguration.class]: Bean instantiation via factory method failed; nested exception is org.springframework.beans.BeanInstantiationException: Failed to instantiate [org.springframework.security.oauth2.provider.token.store.JwtAccessTokenConverter]: Factory method 'jwtAccessTokenConverter' threw exception; nested exception is java.lang.IllegalStateException: No instances available for uaa; nested exception is org.springframework.beans.factory.BeanCreationException: Error creating bean with name 'tokenStore' defined in class path resource [io/variability/jhipster/config/MicroserviceSecurityConfiguration.class]: Bean instantiation via factory method failed; nested exception is org.springframework.beans.BeanInstantiationException: Failed to instantiate [org.springframework.security.oauth2.provider.token.TokenStore]: Factory method 'tokenStore' threw exception; nested exception is org.springframework.beans.factory.BeanCreationException: Error creating bean with name 'jwtAccessTokenConverter' defined in class path resource [io/variability/jhipster/config/MicroserviceSecurityConfiguration.class]: Bean instantiation via factory method failed; nested exception is org.springframework.beans.BeanInstantiationException: Failed to instantiate [org.springframework.security.oauth2.provider.token.store.JwtAccessTokenConverter]: Factory method 'jwtAccessTokenConverter' threw exception; nested exception is java.lang.IllegalStateException: No instances available for uaa

Exception: Error creating bean with name 'tokenStore' defined in class path resource [io/variability/jhipster/config/MicroserviceSecurityConfiguration.class]: Bean instantiation via factory method failed; nested exception is org.springframework.beans.BeanInstantiationException: Failed to instantiate [org.springframework.security.oauth2.provider.token.TokenStore]: Factory method 'tokenStore' threw exception; nested exception is org.springframework.beans.factory.BeanCreationException: Error creating bean with name 'jwtAccessTokenConverter' defined in class path resource [io/variability/jhipster/config/MicroserviceSecurityConfiguration.class]: Bean instantiation via factory method failed; nested exception is org.springframework.beans.BeanInstantiationException: Failed to instantiate [org.springframework.security.oauth2.provider.token.store.JwtAccessTokenConverter]: Factory method 'jwtAccessTokenConverter' threw exception; nested exception is java.lang.IllegalStateException: No instances available for uaa

Exception: Failed to instantiate [org.springframework.security.oauth2.provider.token.TokenStore]: Factory method 'tokenStore' threw exception; nested exception is org.springframework.beans.factory.BeanCreationException: Error creating bean with name 'jwtAccessTokenConverter' defined in class path resource [io/variability/jhipster/config/MicroserviceSecurityConfiguration.class]: Bean instantiation via factory method failed; nested exception is org.springframework.beans.BeanInstantiationException: Failed to instantiate [org.springframework.security.oauth2.provider.token.store.JwtAccessTokenConverter]: Factory method 'jwtAccessTokenConverter' threw exception; nested exception is java.lang.IllegalStateException: No instances available for uaa

Exception: Error creating bean with name 'jwtAccessTokenConverter' defined in class path resource [io/variability/jhipster/config/MicroserviceSecurityConfiguration.class]: Bean instantiation via factory method failed; nested exception is org.springframework.beans.BeanInstantiationException: Failed to instantiate [org.springframework.security.oauth2.provider.token.store.JwtAccessTokenConverter]: Factory method 'jwtAccessTokenConverter' threw exception; nested exception is java.lang.IllegalStateException: No instances available for uaa

Exception: Failed to instantiate [org.springframework.security.oauth2.provider.token.store.JwtAccessTokenConverter]: Factory method 'jwtAccessTokenConverter' threw exception; nested exception is java.lang.IllegalStateException: No instances available for uaa

Exception: No instances available for uaa

Caused by: org.springframework.beans.factory.BeanCreationException: Error creating bean with name 'tokenStore' defined in class path resource [io/variability/jhipster/config/MicroserviceSecurityConfiguration.class]: Bean instantiation via factory method failed; nested exception is org.springframework.beans.BeanInstantiationException: Failed to instantiate [org.springframework.security.oauth2.provider.token.TokenStore]: Factory method 'tokenStore' threw exception; nested exception is org.springframework.beans.factory.BeanCreationException: Error creating bean with name 'jwtAccessTokenConverter' defined in class path resource [io/variability/jhipster/config/MicroserviceSecurityConfiguration.class]: Bean instantiation via factory method failed; nested exception is org.springframework.beans.BeanInstantiationException: Failed to instantiate [org.springframework.security.oauth2.provider.token.store.JwtAccessTokenConverter]: Factory method 'jwtAccessTokenConverter' threw exception; nested exception is java.lang.IllegalStateException: No instances available for uaa

Caused by: org.springframework.beans.BeanInstantiationException: Failed to instantiate [org.springframework.security.oauth2.provider.token.TokenStore]: Factory method 'tokenStore' threw exception; nested exception is org.springframework.beans.factory.BeanCreationException: Error creating bean with name 'jwtAccessTokenConverter' defined in class path resource [io/variability/jhipster/config/MicroserviceSecurityConfiguration.class]: Bean instantiation via factory method failed; nested exception is org.springframework.beans.BeanInstantiationException: Failed to instantiate [org.springframework.security.oauth2.provider.token.store.JwtAccessTokenConverter]: Factory method 'jwtAccessTokenConverter' threw exception; nested exception is java.lang.IllegalStateException: No instances available for uaa

Caused by: org.springframework.beans.factory.BeanCreationException: Error creating bean with name 'jwtAccessTokenConverter' defined in class path resource [io/variability/jhipster/config/MicroserviceSecurityConfiguration.class]: Bean instantiation via factory method failed; nested exception is org.springframework.beans.BeanInstantiationException: Failed to instantiate [org.springframework.security.oauth2.provider.token.store.JwtAccessTokenConverter]: Factory method 'jwtAccessTokenConverter' threw exception; nested exception is java.lang.IllegalStateException: No instances available for uaa

Caused by: org.springframework.beans.BeanInstantiationException: Failed to instantiate [org.springframework.security.oauth2.provider.token.store.JwtAccessTokenConverter]: Factory method 'jwtAccessTokenConverter' threw exception; nested exception is java.lang.IllegalStateException: No instances available for uaa

Caused by: java.lang.IllegalStateException: No instances available for uaa

ERROR:  relation ""public.databasechangeloglock"" does not exist at character 22

","BUG2:UAAAuthentication"
"1484500720801","jhipster11348","true","""gateway""","""jwt""","""no""","""no""","""spring-websocket""","""cassandra""","""cassandra""","""cassandra""","""maven""","""no""","false","false","true","[""gatling"",""cucumber"",""protractor""]","OK","Exception.java

ExceptionHandlingAsyncTaskExecutor.java

Exception.java

ExceptionTranslator.java

","20.434","OK","","4.318","KO","","newBUG"
"1484270084803","jhipster8646","true","""monolith""","""session""","""no""","""no""","""no""","""mongodb""","""mongodb""","""mongodb""","""maven""","""no""","true","false","false","[""gatling"",""protractor"",""cucumber""]","OK","Exception.java

ExceptionHandlingAsyncTaskExecutor.java

Exception.java

ExceptionTranslator.java

","20.938","KO","Exception

[ERROR] diagnostic: /tmp/oracle/Thesis-JHipster/FML-brute/jhipsters/jhipster8646/src/main/java/io/variability/jhipster/domain/SocialUserConnection.java:3: error: package org.hibernate.annotations does not exist
[ERROR] diagnostic: /tmp/oracle/Thesis-JHipster/FML-brute/jhipsters/jhipster8646/src/main/java/io/variability/jhipster/domain/SocialUserConnection.java:4: error: package org.hibernate.annotations does not exist
[ERROR] error on execute: error during compilation
[ERROR] Failed to execute goal org.bsc.maven:maven-processor-plugin:2.2.4:process (process) on project jhipster: Error executing: error during compilation -> [Help 1]
[ERROR] 
[ERROR] To see the full stack trace of the errors, re-run Maven with the -e switch.
[ERROR] Re-run Maven using the -X switch to enable full debug logging.
[ERROR] 
[ERROR] For more information about the errors and possible solutions, please read the following articles:
[ERROR] [Help 1] http://cwiki.apache.org/confluence/display/MAVEN/MojoExecutionException
","KO","KO","ND","BUG6:SOCIALLOGIN"
"1484333186799","jhipster9265","false","""gateway""","""jwt""","""ehcache""","""no""","""no""","""sql""","""DiskBased""","""mariadb""","""gradle""","""elasticsearch""","false","true","true","[""cucumber"",""gatling"",""protractor""]","OK","Exception.java

ExceptionHandlingAsyncTaskExecutor.java

Exception.java

ExceptionTranslator.java

","37.377","OK","","13.348 ","KO","Exception encountered during context initialization - cancelling refresh attempt: org.springframework.beans.factory.BeanCreationException: Error creating bean with name 'liquibase' defined in class path resource [io/variability/jhipster/config/DatabaseConfiguration.class]: Invocation of init method failed; nested exception is java.lang.RuntimeException: Failed to get driver instance for jdbcUrl=jdbc:mariadb://localhost:3306/jhipster

Exception: Error creating bean with name 'org.springframework.cache.config.internalCacheAdvisor' defined in class path resource [org/springframework/cache/annotation/ProxyCachingConfiguration.class]: Bean instantiation via factory method failed; nested exception is org.springframework.beans.BeanInstantiationException: Failed to instantiate [org.springframework.cache.interceptor.BeanFactoryCacheOperationSourceAdvisor]: Factory method 'cacheAdvisor' threw exception; nested exception is java.lang.NullPointerException)

Exception: Error creating bean with name 'liquibase' defined in class path resource [io/variability/jhipster/config/DatabaseConfiguration.class]: Invocation of init method failed; nested exception is java.lang.RuntimeException: Failed to get driver instance for jdbcUrl=jdbc:mariadb://localhost:3306/jhipster

Exception: Failed to get driver instance for jdbcUrl=jdbc:mariadb://localhost:3306/jhipster

Exception: No suitable driver

Caused by: java.lang.RuntimeException: Failed to get driver instance for jdbcUrl=jdbc:mariadb://localhost:3306/jhipster

Caused by: java.sql.SQLException: No suitable driver

","BUG1:mariadb"
"1484367540293","jhipster9502","true","""gateway""","""jwt""","""no""","""hazelcast""","""spring-websocket""","""sql""","""InMemory""","""mariadb""","""gradle""","""elasticsearch""","false","false","false","[""protractor"",""gatling"",""cucumber""]","OK","Exception.java

ExceptionHandlingAsyncTaskExecutor.java

Exception.java

ExceptionTranslator.java

","139.369","OK","","18.817 ","KO","Exception encountered during context initialization - cancelling refresh attempt: org.springframework.beans.factory.BeanCreationException: Error creating bean with name 'liquibase' defined in class path resource [io/variability/jhipster/config/DatabaseConfiguration.class]: Invocation of init method failed; nested exception is java.lang.RuntimeException: Failed to get driver instance for jdbcUrl=jdbc:mariadb://mariadb:3306/jhipster

Exception: Error creating bean with name 'org.springframework.transaction.config.internalTransactionAdvisor' defined in class path resource [org/springframework/transaction/annotation/ProxyTransactionManagementConfiguration.class]: Bean instantiation via factory method failed; nested exception is org.springframework.beans.BeanInstantiationException: Failed to instantiate [org.springframework.transaction.interceptor.BeanFactoryTransactionAttributeSourceAdvisor]: Factory method 'transactionAdvisor' threw exception; nested exception is java.lang.NullPointerException)

Exception: Error creating bean with name 'liquibase' defined in class path resource [io/variability/jhipster/config/DatabaseConfiguration.class]: Invocation of init method failed; nested exception is java.lang.RuntimeException: Failed to get driver instance for jdbcUrl=jdbc:mariadb://mariadb:3306/jhipster

Exception: Failed to get driver instance for jdbcUrl=jdbc:mariadb://mariadb:3306/jhipster

Exception: No suitable driver

Caused by: java.lang.RuntimeException: Failed to get driver instance for jdbcUrl=jdbc:mariadb://mariadb:3306/jhipster

Caused by: java.sql.SQLException: No suitable driver

[36mjhipster-mariadb          |[0m 2017-01-14  4:28:26 140578689783744 [ERROR] Aborting
ERROR: 1049  Unknown database 'test'

","BUG1:mariadb"
"1484205555101","jhipster3579","true","""gateway""","""uaa""","""no""","""no""","""no""","""sql""","""postgresql""","""postgresql""","""gradle""","""elasticsearch""","false","true","true","[""gatling"",""cucumber"",""protractor""]","OK","ExceptionHandlingAsyncTaskExecutor.java

Exception.java

ExceptionTranslator.java

","24.556","OK","","24.301 ","KO","Exception encountered during context initialization - cancelling refresh attempt: org.springframework.beans.factory.UnsatisfiedDependencyException: Error creating bean with name 'org.springframework.security.oauth2.config.annotation.web.configuration.ResourceServerConfiguration': Unsatisfied dependency expressed through field 'tokenStore': Error creating bean with name 'tokenStore' defined in class path resource [io/variability/jhipster/config/MicroserviceSecurityConfiguration.class]: Bean instantiation via factory method failed; nested exception is org.springframework.beans.BeanInstantiationException: Failed to instantiate [org.springframework.security.oauth2.provider.token.TokenStore]: Factory method 'tokenStore' threw exception; nested exception is org.springframework.beans.factory.BeanCreationException: Error creating bean with name 'jwtAccessTokenConverter' defined in class path resource [io/variability/jhipster/config/MicroserviceSecurityConfiguration.class]: Bean instantiation via factory method failed; nested exception is org.springframework.beans.BeanInstantiationException: Failed to instantiate [org.springframework.security.oauth2.provider.token.store.JwtAccessTokenConverter]: Factory method 'jwtAccessTokenConverter' threw exception; nested exception is java.lang.IllegalStateException: No instances available for uaa; nested exception is org.springframework.beans.factory.BeanCreationException: Error creating bean with name 'tokenStore' defined in class path resource [io/variability/jhipster/config/MicroserviceSecurityConfiguration.class]: Bean instantiation via factory method failed; nested exception is org.springframework.beans.BeanInstantiationException: Failed to instantiate [org.springframework.security.oauth2.provider.token.TokenStore]: Factory method 'tokenStore' threw exception; nested exception is org.springframework.beans.factory.BeanCreationException: Error creating bean with name 'jwtAccessTokenConverter' defined in class path resource [io/variability/jhipster/config/MicroserviceSecurityConfiguration.class]: Bean instantiation via factory method failed; nested exception is org.springframework.beans.BeanInstantiationException: Failed to instantiate [org.springframework.security.oauth2.provider.token.store.JwtAccessTokenConverter]: Factory method 'jwtAccessTokenConverter' threw exception; nested exception is java.lang.IllegalStateException: No instances available for uaa

Exception: Error creating bean with name 'eurekaInstanceConfigBean': Singleton bean creation not allowed while the singletons of this factory are in destruction (Do not request a bean from a BeanFactory in a destroy method implementation!)

Exception: Error creating bean with name 'org.springframework.security.oauth2.config.annotation.web.configuration.ResourceServerConfiguration': Unsatisfied dependency expressed through field 'tokenStore': Error creating bean with name 'tokenStore' defined in class path resource [io/variability/jhipster/config/MicroserviceSecurityConfiguration.class]: Bean instantiation via factory method failed; nested exception is org.springframework.beans.BeanInstantiationException: Failed to instantiate [org.springframework.security.oauth2.provider.token.TokenStore]: Factory method 'tokenStore' threw exception; nested exception is org.springframework.beans.factory.BeanCreationException: Error creating bean with name 'jwtAccessTokenConverter' defined in class path resource [io/variability/jhipster/config/MicroserviceSecurityConfiguration.class]: Bean instantiation via factory method failed; nested exception is org.springframework.beans.BeanInstantiationException: Failed to instantiate [org.springframework.security.oauth2.provider.token.store.JwtAccessTokenConverter]: Factory method 'jwtAccessTokenConverter' threw exception; nested exception is java.lang.IllegalStateException: No instances available for uaa; nested exception is org.springframework.beans.factory.BeanCreationException: Error creating bean with name 'tokenStore' defined in class path resource [io/variability/jhipster/config/MicroserviceSecurityConfiguration.class]: Bean instantiation via factory method failed; nested exception is org.springframework.beans.BeanInstantiationException: Failed to instantiate [org.springframework.security.oauth2.provider.token.TokenStore]: Factory method 'tokenStore' threw exception; nested exception is org.springframework.beans.factory.BeanCreationException: Error creating bean with name 'jwtAccessTokenConverter' defined in class path resource [io/variability/jhipster/config/MicroserviceSecurityConfiguration.class]: Bean instantiation via factory method failed; nested exception is org.springframework.beans.BeanInstantiationException: Failed to instantiate [org.springframework.security.oauth2.provider.token.store.JwtAccessTokenConverter]: Factory method 'jwtAccessTokenConverter' threw exception; nested exception is java.lang.IllegalStateException: No instances available for uaa

Exception: Error creating bean with name 'tokenStore' defined in class path resource [io/variability/jhipster/config/MicroserviceSecurityConfiguration.class]: Bean instantiation via factory method failed; nested exception is org.springframework.beans.BeanInstantiationException: Failed to instantiate [org.springframework.security.oauth2.provider.token.TokenStore]: Factory method 'tokenStore' threw exception; nested exception is org.springframework.beans.factory.BeanCreationException: Error creating bean with name 'jwtAccessTokenConverter' defined in class path resource [io/variability/jhipster/config/MicroserviceSecurityConfiguration.class]: Bean instantiation via factory method failed; nested exception is org.springframework.beans.BeanInstantiationException: Failed to instantiate [org.springframework.security.oauth2.provider.token.store.JwtAccessTokenConverter]: Factory method 'jwtAccessTokenConverter' threw exception; nested exception is java.lang.IllegalStateException: No instances available for uaa

Exception: Failed to instantiate [org.springframework.security.oauth2.provider.token.TokenStore]: Factory method 'tokenStore' threw exception; nested exception is org.springframework.beans.factory.BeanCreationException: Error creating bean with name 'jwtAccessTokenConverter' defined in class path resource [io/variability/jhipster/config/MicroserviceSecurityConfiguration.class]: Bean instantiation via factory method failed; nested exception is org.springframework.beans.BeanInstantiationException: Failed to instantiate [org.springframework.security.oauth2.provider.token.store.JwtAccessTokenConverter]: Factory method 'jwtAccessTokenConverter' threw exception; nested exception is java.lang.IllegalStateException: No instances available for uaa

Exception: Error creating bean with name 'jwtAccessTokenConverter' defined in class path resource [io/variability/jhipster/config/MicroserviceSecurityConfiguration.class]: Bean instantiation via factory method failed; nested exception is org.springframework.beans.BeanInstantiationException: Failed to instantiate [org.springframework.security.oauth2.provider.token.store.JwtAccessTokenConverter]: Factory method 'jwtAccessTokenConverter' threw exception; nested exception is java.lang.IllegalStateException: No instances available for uaa

Exception: Failed to instantiate [org.springframework.security.oauth2.provider.token.store.JwtAccessTokenConverter]: Factory method 'jwtAccessTokenConverter' threw exception; nested exception is java.lang.IllegalStateException: No instances available for uaa

Exception: No instances available for uaa

Caused by: org.springframework.beans.factory.BeanCreationException: Error creating bean with name 'tokenStore' defined in class path resource [io/variability/jhipster/config/MicroserviceSecurityConfiguration.class]: Bean instantiation via factory method failed; nested exception is org.springframework.beans.BeanInstantiationException: Failed to instantiate [org.springframework.security.oauth2.provider.token.TokenStore]: Factory method 'tokenStore' threw exception; nested exception is org.springframework.beans.factory.BeanCreationException: Error creating bean with name 'jwtAccessTokenConverter' defined in class path resource [io/variability/jhipster/config/MicroserviceSecurityConfiguration.class]: Bean instantiation via factory method failed; nested exception is org.springframework.beans.BeanInstantiationException: Failed to instantiate [org.springframework.security.oauth2.provider.token.store.JwtAccessTokenConverter]: Factory method 'jwtAccessTokenConverter' threw exception; nested exception is java.lang.IllegalStateException: No instances available for uaa

Caused by: org.springframework.beans.BeanInstantiationException: Failed to instantiate [org.springframework.security.oauth2.provider.token.TokenStore]: Factory method 'tokenStore' threw exception; nested exception is org.springframework.beans.factory.BeanCreationException: Error creating bean with name 'jwtAccessTokenConverter' defined in class path resource [io/variability/jhipster/config/MicroserviceSecurityConfiguration.class]: Bean instantiation via factory method failed; nested exception is org.springframework.beans.BeanInstantiationException: Failed to instantiate [org.springframework.security.oauth2.provider.token.store.JwtAccessTokenConverter]: Factory method 'jwtAccessTokenConverter' threw exception; nested exception is java.lang.IllegalStateException: No instances available for uaa

Caused by: org.springframework.beans.factory.BeanCreationException: Error creating bean with name 'jwtAccessTokenConverter' defined in class path resource [io/variability/jhipster/config/MicroserviceSecurityConfiguration.class]: Bean instantiation via factory method failed; nested exception is org.springframework.beans.BeanInstantiationException: Failed to instantiate [org.springframework.security.oauth2.provider.token.store.JwtAccessTokenConverter]: Factory method 'jwtAccessTokenConverter' threw exception; nested exception is java.lang.IllegalStateException: No instances available for uaa

Caused by: org.springframework.beans.BeanInstantiationException: Failed to instantiate [org.springframework.security.oauth2.provider.token.store.JwtAccessTokenConverter]: Factory method 'jwtAccessTokenConverter' threw exception; nested exception is java.lang.IllegalStateException: No instances available for uaa

Caused by: java.lang.IllegalStateException: No instances available for uaa

ERROR:  relation ""public.databasechangeloglock"" does not exist at character 22

","BUG2:UAAAuthentication"
"1484715275475","jhipster12834","true","""monolith""","""oauth2""","""no""","""hazelcast""","""spring-websocket""","""sql""","""DiskBased""","""mysql""","""maven""","""elasticsearch""","false","true","false","[""cucumber"",""protractor"",""gatling""]","OK","Exception.java

ExceptionHandlingAsyncTaskExecutor.java

Exception.java

ExceptionTranslator.java

","30.239","OK","","5.078","KO","Exception encountered during context initialization - cancelling refresh attempt: org.springframework.beans.factory.BeanCreationException: Error creating bean with name 'liquibase' defined in class path resource [io/variability/jhipster/config/DatabaseConfiguration.class]: Invocation of init method failed; nested exception is com.zaxxer.hikari.pool.HikariPool$PoolInitializationException: Failed to initialize pool: Communications link failure

Exception: Error creating bean with name 'metaDataSourceAdvisor': Cannot resolve reference to bean 'methodSecurityMetadataSource' while setting constructor argument; nested exception is org.springframework.beans.factory.BeanCreationException: Error creating bean with name 'org.springframework.security.config.annotation.method.configuration.GlobalMethodSecurityConfiguration': Injection of autowired dependencies failed; nested exception is java.lang.RuntimeException: Could not postProcess org.springframework.security.access.expression.method.DefaultMethodSecurityExpressionHandler@2427e004 of type class org.springframework.security.access.expression.method.DefaultMethodSecurityExpressionHandler)

Exception: Error creating bean with name 'liquibase' defined in class path resource [io/variability/jhipster/config/DatabaseConfiguration.class]: Invocation of init method failed; nested exception is com.zaxxer.hikari.pool.HikariPool$PoolInitializationException: Failed to initialize pool: Communications link failure

Exception: Failed to initialize pool: Communications link failure

Exception: Communications link failure

Exception(SQLError.java:988)

Exception: Connection refused (Connection refused)

Caused by: com.zaxxer.hikari.pool.HikariPool$PoolInitializationException: Failed to initialize pool: Communications link failure

Caused by: com.mysql.jdbc.exceptions.jdbc4.CommunicationsException: Communications link failure

Caused by: java.net.ConnectException: Connection refused (Connection refused)

","BUG4:SQL"
