"Id";"JHipsterRegister";"Docker";"applicationType";"authenticationType";"hibernateCache";"clusteredHttpSession";"websocket";"databaseType";"devDatabaseType";"prodDatabaseType";"buildTool";"searchEngine";"enableSocialSignIn";"useSass";"enableTranslation";"testFrameworks";"Generate";"Log-Gen";"TimeToGenerate";"Compile";"Log-Compile";"TimeToCompile";"Build";"Log-Build";"TimeToBuildDockerPackage";"TimeToBuild";"ImageDocker";"TestsResult";"Cucumber";"KarmaJS";"Gatling";"Protractor";"CoverageInstructions";"CoverageBranches";"JSStatementsCoverage";"JSBranchesCoverage"
"1484174183559","jhipster614","true","""gateway""","""uaa""","""hazelcast""","""no""","""spring-websocket""","""sql""","""mariadb""","""mariadb""","""maven""","""elasticsearch""","false","true","true","[""protractor"",""gatling"",""cucumber""]","OK","ExceptionHandlingAsyncTaskExecutor.java

Exception.java

ExceptionTranslator.java

","28.536","OK","","4.859","KO","Exception encountered during context initialization - cancelling refresh attempt: org.springframework.beans.factory.UnsatisfiedDependencyException: Error creating bean with name 'org.springframework.security.oauth2.config.annotation.web.configuration.ResourceServerConfiguration': Unsatisfied dependency expressed through field 'tokenStore': Error creating bean with name 'tokenStore' defined in class path resource [io/variability/jhipster/config/MicroserviceSecurityConfiguration.class]: Bean instantiation via factory method failed; nested exception is org.springframework.beans.BeanInstantiationException: Failed to instantiate [org.springframework.security.oauth2.provider.token.TokenStore]: Factory method 'tokenStore' threw exception; nested exception is org.springframework.beans.factory.BeanCreationException: Error creating bean with name 'jwtAccessTokenConverter' defined in class path resource [io/variability/jhipster/config/MicroserviceSecurityConfiguration.class]: Bean instantiation via factory method failed; nested exception is org.springframework.beans.BeanInstantiationException: Failed to instantiate [org.springframework.security.oauth2.provider.token.store.JwtAccessTokenConverter]: Factory method 'jwtAccessTokenConverter' threw exception; nested exception is java.lang.IllegalStateException: No instances available for uaa; nested exception is org.springframework.beans.factory.BeanCreationException: Error creating bean with name 'tokenStore' defined in class path resource [io/variability/jhipster/config/MicroserviceSecurityConfiguration.class]: Bean instantiation via factory method failed; nested exception is org.springframework.beans.BeanInstantiationException: Failed to instantiate [org.springframework.security.oauth2.provider.token.TokenStore]: Factory method 'tokenStore' threw exception; nested exception is org.springframework.beans.factory.BeanCreationException: Error creating bean with name 'jwtAccessTokenConverter' defined in class path resource [io/variability/jhipster/config/MicroserviceSecurityConfiguration.class]: Bean instantiation via factory method failed; nested exception is org.springframework.beans.BeanInstantiationException: Failed to instantiate [org.springframework.security.oauth2.provider.token.store.JwtAccessTokenConverter]: Factory method 'jwtAccessTokenConverter' threw exception; nested exception is java.lang.IllegalStateException: No instances available for uaa

Exception: Error creating bean with name 'eurekaInstanceConfigBean': Singleton bean creation not allowed while the singletons of this factory are in destruction (Do not request a bean from a BeanFactory in a destroy method implementation!)

Exception: Error creating bean with name 'org.springframework.security.oauth2.config.annotation.web.configuration.ResourceServerConfiguration': Unsatisfied dependency expressed through field 'tokenStore': Error creating bean with name 'tokenStore' defined in class path resource [io/variability/jhipster/config/MicroserviceSecurityConfiguration.class]: Bean instantiation via factory method failed; nested exception is org.springframework.beans.BeanInstantiationException: Failed to instantiate [org.springframework.security.oauth2.provider.token.TokenStore]: Factory method 'tokenStore' threw exception; nested exception is org.springframework.beans.factory.BeanCreationException: Error creating bean with name 'jwtAccessTokenConverter' defined in class path resource [io/variability/jhipster/config/MicroserviceSecurityConfiguration.class]: Bean instantiation via factory method failed; nested exception is org.springframework.beans.BeanInstantiationException: Failed to instantiate [org.springframework.security.oauth2.provider.token.store.JwtAccessTokenConverter]: Factory method 'jwtAccessTokenConverter' threw exception; nested exception is java.lang.IllegalStateException: No instances available for uaa; nested exception is org.springframework.beans.factory.BeanCreationException: Error creating bean with name 'tokenStore' defined in class path resource [io/variability/jhipster/config/MicroserviceSecurityConfiguration.class]: Bean instantiation via factory method failed; nested exception is org.springframework.beans.BeanInstantiationException: Failed to instantiate [org.springframework.security.oauth2.provider.token.TokenStore]: Factory method 'tokenStore' threw exception; nested exception is org.springframework.beans.factory.BeanCreationException: Error creating bean with name 'jwtAccessTokenConverter' defined in class path resource [io/variability/jhipster/config/MicroserviceSecurityConfiguration.class]: Bean instantiation via factory method failed; nested exception is org.springframework.beans.BeanInstantiationException: Failed to instantiate [org.springframework.security.oauth2.provider.token.store.JwtAccessTokenConverter]: Factory method 'jwtAccessTokenConverter' threw exception; nested exception is java.lang.IllegalStateException: No instances available for uaa

Exception: Error creating bean with name 'tokenStore' defined in class path resource [io/variability/jhipster/config/MicroserviceSecurityConfiguration.class]: Bean instantiation via factory method failed; nested exception is org.springframework.beans.BeanInstantiationException: Failed to instantiate [org.springframework.security.oauth2.provider.token.TokenStore]: Factory method 'tokenStore' threw exception; nested exception is org.springframework.beans.factory.BeanCreationException: Error creating bean with name 'jwtAccessTokenConverter' defined in class path resource [io/variability/jhipster/config/MicroserviceSecurityConfiguration.class]: Bean instantiation via factory method failed; nested exception is org.springframework.beans.BeanInstantiationException: Failed to instantiate [org.springframework.security.oauth2.provider.token.store.JwtAccessTokenConverter]: Factory method 'jwtAccessTokenConverter' threw exception; nested exception is java.lang.IllegalStateException: No instances available for uaa

Exception: Failed to instantiate [org.springframework.security.oauth2.provider.token.TokenStore]: Factory method 'tokenStore' threw exception; nested exception is org.springframework.beans.factory.BeanCreationException: Error creating bean with name 'jwtAccessTokenConverter' defined in class path resource [io/variability/jhipster/config/MicroserviceSecurityConfiguration.class]: Bean instantiation via factory method failed; nested exception is org.springframework.beans.BeanInstantiationException: Failed to instantiate [org.springframework.security.oauth2.provider.token.store.JwtAccessTokenConverter]: Factory method 'jwtAccessTokenConverter' threw exception; nested exception is java.lang.IllegalStateException: No instances available for uaa

Exception: Error creating bean with name 'jwtAccessTokenConverter' defined in class path resource [io/variability/jhipster/config/MicroserviceSecurityConfiguration.class]: Bean instantiation via factory method failed; nested exception is org.springframework.beans.BeanInstantiationException: Failed to instantiate [org.springframework.security.oauth2.provider.token.store.JwtAccessTokenConverter]: Factory method 'jwtAccessTokenConverter' threw exception; nested exception is java.lang.IllegalStateException: No instances available for uaa

Exception: Failed to instantiate [org.springframework.security.oauth2.provider.token.store.JwtAccessTokenConverter]: Factory method 'jwtAccessTokenConverter' threw exception; nested exception is java.lang.IllegalStateException: No instances available for uaa

Exception: No instances available for uaa

Caused by: org.springframework.beans.factory.BeanCreationException: Error creating bean with name 'tokenStore' defined in class path resource [io/variability/jhipster/config/MicroserviceSecurityConfiguration.class]: Bean instantiation via factory method failed; nested exception is org.springframework.beans.BeanInstantiationException: Failed to instantiate [org.springframework.security.oauth2.provider.token.TokenStore]: Factory method 'tokenStore' threw exception; nested exception is org.springframework.beans.factory.BeanCreationException: Error creating bean with name 'jwtAccessTokenConverter' defined in class path resource [io/variability/jhipster/config/MicroserviceSecurityConfiguration.class]: Bean instantiation via factory method failed; nested exception is org.springframework.beans.BeanInstantiationException: Failed to instantiate [org.springframework.security.oauth2.provider.token.store.JwtAccessTokenConverter]: Factory method 'jwtAccessTokenConverter' threw exception; nested exception is java.lang.IllegalStateException: No instances available for uaa

Caused by: org.springframework.beans.BeanInstantiationException: Failed to instantiate [org.springframework.security.oauth2.provider.token.TokenStore]: Factory method 'tokenStore' threw exception; nested exception is org.springframework.beans.factory.BeanCreationException: Error creating bean with name 'jwtAccessTokenConverter' defined in class path resource [io/variability/jhipster/config/MicroserviceSecurityConfiguration.class]: Bean instantiation via factory method failed; nested exception is org.springframework.beans.BeanInstantiationException: Failed to instantiate [org.springframework.security.oauth2.provider.token.store.JwtAccessTokenConverter]: Factory method 'jwtAccessTokenConverter' threw exception; nested exception is java.lang.IllegalStateException: No instances available for uaa

Caused by: org.springframework.beans.factory.BeanCreationException: Error creating bean with name 'jwtAccessTokenConverter' defined in class path resource [io/variability/jhipster/config/MicroserviceSecurityConfiguration.class]: Bean instantiation via factory method failed; nested exception is org.springframework.beans.BeanInstantiationException: Failed to instantiate [org.springframework.security.oauth2.provider.token.store.JwtAccessTokenConverter]: Factory method 'jwtAccessTokenConverter' threw exception; nested exception is java.lang.IllegalStateException: No instances available for uaa

Caused by: org.springframework.beans.BeanInstantiationException: Failed to instantiate [org.springframework.security.oauth2.provider.token.store.JwtAccessTokenConverter]: Factory method 'jwtAccessTokenConverter' threw exception; nested exception is java.lang.IllegalStateException: No instances available for uaa

Caused by: java.lang.IllegalStateException: No instances available for uaa

[33mjhipster-mariadb          |[0m 2017-01-11 23:04:49 140376909494208 [ERROR] Aborting
ERROR: 1049  Unknown database 'test'

","BUG2:UAAAuthenticationDocker"
"1484181744471","jhipster1464","true","""monolith""","""session""","""hazelcast""","""no""","""spring-websocket""","""sql""","""mysql""","""mysql""","""gradle""","""elasticsearch""","true","true","false","[""cucumber"",""protractor"",""gatling""]","OK","Exception.java

ExceptionHandlingAsyncTaskExecutor.java

Exception.java

ExceptionTranslator.java

","29.267","OK","","25.148 ","KO","Exception encountered during context initialization - cancelling refresh attempt: org.springframework.beans.factory.BeanCreationException: Error creating bean with name 'liquibase' defined in class path resource [io/variability/jhipster/config/DatabaseConfiguration.class]: Invocation of init method failed; nested exception is com.zaxxer.hikari.pool.HikariPool$PoolInitializationException: Failed to initialize pool: Communications link failure

Exception: Error creating bean with name 'org.springframework.cache.annotation.ProxyCachingConfiguration': Initialization of bean failed; nested exception is org.springframework.beans.factory.NoSuchBeanDefinitionException: No bean named 'org.springframework.context.annotation.ConfigurationClassPostProcessor.importRegistry' is defined)

Exception: Error creating bean with name 'liquibase' defined in class path resource [io/variability/jhipster/config/DatabaseConfiguration.class]: Invocation of init method failed; nested exception is com.zaxxer.hikari.pool.HikariPool$PoolInitializationException: Failed to initialize pool: Communications link failure

Exception: Failed to initialize pool: Communications link failure

Exception: Communications link failure

Exception(SQLError.java:988)

Exception: Connection refused (Connection refused)

Caused by: com.zaxxer.hikari.pool.HikariPool$PoolInitializationException: Failed to initialize pool: Communications link failure

Caused by: com.mysql.jdbc.exceptions.jdbc4.CommunicationsException: Communications link failure

Caused by: java.net.ConnectException: Connection refused (Connection refused)

","BUG4:SQL"
"1484160358732","jhipster3100","true","""microservice""","""uaa""","""no""","ND","ND","""cassandra""","""cassandra""","""cassandra""","""gradle""","""no""","ND","ND","true","[""cucumber"",""gatling""]","OK","ExceptionHandlingAsyncTaskExecutor.java

Exception.java

ExceptionTranslator.java

","5.35","OK","","18.558 ","KO","","newBUG"
"1484204268189","jhipster4430","true","""microservice""","""uaa""","""no""","ND","ND","""no""","""no""","""no""","""maven""","""no""","ND","ND","true","[""gatling"",""cucumber""]","OK","ExceptionHandlingAsyncTaskExecutor.java

Exception.java

ExceptionTranslator.java

","2.529","OK","","3.153","KO","Exception encountered during context initialization - cancelling refresh attempt: org.springframework.beans.factory.UnsatisfiedDependencyException: Error creating bean with name 'org.springframework.security.oauth2.config.annotation.web.configuration.ResourceServerConfiguration': Unsatisfied dependency expressed through field 'tokenStore': Error creating bean with name 'tokenStore' defined in class path resource [io/variability/jhipster/config/MicroserviceSecurityConfiguration.class]: Bean instantiation via factory method failed; nested exception is org.springframework.beans.BeanInstantiationException: Failed to instantiate [org.springframework.security.oauth2.provider.token.TokenStore]: Factory method 'tokenStore' threw exception; nested exception is org.springframework.beans.factory.BeanCreationException: Error creating bean with name 'jwtAccessTokenConverter' defined in class path resource [io/variability/jhipster/config/MicroserviceSecurityConfiguration.class]: Bean instantiation via factory method failed; nested exception is org.springframework.beans.BeanInstantiationException: Failed to instantiate [org.springframework.security.oauth2.provider.token.store.JwtAccessTokenConverter]: Factory method 'jwtAccessTokenConverter' threw exception; nested exception is java.lang.IllegalStateException: No instances available for uaa; nested exception is org.springframework.beans.factory.BeanCreationException: Error creating bean with name 'tokenStore' defined in class path resource [io/variability/jhipster/config/MicroserviceSecurityConfiguration.class]: Bean instantiation via factory method failed; nested exception is org.springframework.beans.BeanInstantiationException: Failed to instantiate [org.springframework.security.oauth2.provider.token.TokenStore]: Factory method 'tokenStore' threw exception; nested exception is org.springframework.beans.factory.BeanCreationException: Error creating bean with name 'jwtAccessTokenConverter' defined in class path resource [io/variability/jhipster/config/MicroserviceSecurityConfiguration.class]: Bean instantiation via factory method failed; nested exception is org.springframework.beans.BeanInstantiationException: Failed to instantiate [org.springframework.security.oauth2.provider.token.store.JwtAccessTokenConverter]: Factory method 'jwtAccessTokenConverter' threw exception; nested exception is java.lang.IllegalStateException: No instances available for uaa

Exception: Error creating bean with name 'org.springframework.security.oauth2.config.annotation.web.configuration.ResourceServerConfiguration': Unsatisfied dependency expressed through field 'tokenStore': Error creating bean with name 'tokenStore' defined in class path resource [io/variability/jhipster/config/MicroserviceSecurityConfiguration.class]: Bean instantiation via factory method failed; nested exception is org.springframework.beans.BeanInstantiationException: Failed to instantiate [org.springframework.security.oauth2.provider.token.TokenStore]: Factory method 'tokenStore' threw exception; nested exception is org.springframework.beans.factory.BeanCreationException: Error creating bean with name 'jwtAccessTokenConverter' defined in class path resource [io/variability/jhipster/config/MicroserviceSecurityConfiguration.class]: Bean instantiation via factory method failed; nested exception is org.springframework.beans.BeanInstantiationException: Failed to instantiate [org.springframework.security.oauth2.provider.token.store.JwtAccessTokenConverter]: Factory method 'jwtAccessTokenConverter' threw exception; nested exception is java.lang.IllegalStateException: No instances available for uaa; nested exception is org.springframework.beans.factory.BeanCreationException: Error creating bean with name 'tokenStore' defined in class path resource [io/variability/jhipster/config/MicroserviceSecurityConfiguration.class]: Bean instantiation via factory method failed; nested exception is org.springframework.beans.BeanInstantiationException: Failed to instantiate [org.springframework.security.oauth2.provider.token.TokenStore]: Factory method 'tokenStore' threw exception; nested exception is org.springframework.beans.factory.BeanCreationException: Error creating bean with name 'jwtAccessTokenConverter' defined in class path resource [io/variability/jhipster/config/MicroserviceSecurityConfiguration.class]: Bean instantiation via factory method failed; nested exception is org.springframework.beans.BeanInstantiationException: Failed to instantiate [org.springframework.security.oauth2.provider.token.store.JwtAccessTokenConverter]: Factory method 'jwtAccessTokenConverter' threw exception; nested exception is java.lang.IllegalStateException: No instances available for uaa

Exception: Error creating bean with name 'tokenStore' defined in class path resource [io/variability/jhipster/config/MicroserviceSecurityConfiguration.class]: Bean instantiation via factory method failed; nested exception is org.springframework.beans.BeanInstantiationException: Failed to instantiate [org.springframework.security.oauth2.provider.token.TokenStore]: Factory method 'tokenStore' threw exception; nested exception is org.springframework.beans.factory.BeanCreationException: Error creating bean with name 'jwtAccessTokenConverter' defined in class path resource [io/variability/jhipster/config/MicroserviceSecurityConfiguration.class]: Bean instantiation via factory method failed; nested exception is org.springframework.beans.BeanInstantiationException: Failed to instantiate [org.springframework.security.oauth2.provider.token.store.JwtAccessTokenConverter]: Factory method 'jwtAccessTokenConverter' threw exception; nested exception is java.lang.IllegalStateException: No instances available for uaa

Exception: Failed to instantiate [org.springframework.security.oauth2.provider.token.TokenStore]: Factory method 'tokenStore' threw exception; nested exception is org.springframework.beans.factory.BeanCreationException: Error creating bean with name 'jwtAccessTokenConverter' defined in class path resource [io/variability/jhipster/config/MicroserviceSecurityConfiguration.class]: Bean instantiation via factory method failed; nested exception is org.springframework.beans.BeanInstantiationException: Failed to instantiate [org.springframework.security.oauth2.provider.token.store.JwtAccessTokenConverter]: Factory method 'jwtAccessTokenConverter' threw exception; nested exception is java.lang.IllegalStateException: No instances available for uaa

Exception: Error creating bean with name 'jwtAccessTokenConverter' defined in class path resource [io/variability/jhipster/config/MicroserviceSecurityConfiguration.class]: Bean instantiation via factory method failed; nested exception is org.springframework.beans.BeanInstantiationException: Failed to instantiate [org.springframework.security.oauth2.provider.token.store.JwtAccessTokenConverter]: Factory method 'jwtAccessTokenConverter' threw exception; nested exception is java.lang.IllegalStateException: No instances available for uaa

Exception: Failed to instantiate [org.springframework.security.oauth2.provider.token.store.JwtAccessTokenConverter]: Factory method 'jwtAccessTokenConverter' threw exception; nested exception is java.lang.IllegalStateException: No instances available for uaa

Exception: No instances available for uaa

Caused by: org.springframework.beans.factory.BeanCreationException: Error creating bean with name 'tokenStore' defined in class path resource [io/variability/jhipster/config/MicroserviceSecurityConfiguration.class]: Bean instantiation via factory method failed; nested exception is org.springframework.beans.BeanInstantiationException: Failed to instantiate [org.springframework.security.oauth2.provider.token.TokenStore]: Factory method 'tokenStore' threw exception; nested exception is org.springframework.beans.factory.BeanCreationException: Error creating bean with name 'jwtAccessTokenConverter' defined in class path resource [io/variability/jhipster/config/MicroserviceSecurityConfiguration.class]: Bean instantiation via factory method failed; nested exception is org.springframework.beans.BeanInstantiationException: Failed to instantiate [org.springframework.security.oauth2.provider.token.store.JwtAccessTokenConverter]: Factory method 'jwtAccessTokenConverter' threw exception; nested exception is java.lang.IllegalStateException: No instances available for uaa

Caused by: org.springframework.beans.BeanInstantiationException: Failed to instantiate [org.springframework.security.oauth2.provider.token.TokenStore]: Factory method 'tokenStore' threw exception; nested exception is org.springframework.beans.factory.BeanCreationException: Error creating bean with name 'jwtAccessTokenConverter' defined in class path resource [io/variability/jhipster/config/MicroserviceSecurityConfiguration.class]: Bean instantiation via factory method failed; nested exception is org.springframework.beans.BeanInstantiationException: Failed to instantiate [org.springframework.security.oauth2.provider.token.store.JwtAccessTokenConverter]: Factory method 'jwtAccessTokenConverter' threw exception; nested exception is java.lang.IllegalStateException: No instances available for uaa

Caused by: org.springframework.beans.factory.BeanCreationException: Error creating bean with name 'jwtAccessTokenConverter' defined in class path resource [io/variability/jhipster/config/MicroserviceSecurityConfiguration.class]: Bean instantiation via factory method failed; nested exception is org.springframework.beans.BeanInstantiationException: Failed to instantiate [org.springframework.security.oauth2.provider.token.store.JwtAccessTokenConverter]: Factory method 'jwtAccessTokenConverter' threw exception; nested exception is java.lang.IllegalStateException: No instances available for uaa

Caused by: org.springframework.beans.BeanInstantiationException: Failed to instantiate [org.springframework.security.oauth2.provider.token.store.JwtAccessTokenConverter]: Factory method 'jwtAccessTokenConverter' threw exception; nested exception is java.lang.IllegalStateException: No instances available for uaa

Caused by: java.lang.IllegalStateException: No instances available for uaa

","BUG2:UAAAuthenticationDocker"
"1484282607338","jhipster5601","true","""monolith""","""session""","""no""","""no""","""no""","""mongodb""","""mongodb""","""mongodb""","""maven""","""no""","true","true","true","[""gatling"",""cucumber"",""protractor""]","OK","Exception.java

ExceptionHandlingAsyncTaskExecutor.java

Exception.java

ExceptionTranslator.java

","30.69","KO","Exception

[ERROR] diagnostic: /tmp/oracle/Thesis-JHipster/FML-brute/jhipsters/jhipster5601/src/main/java/io/variability/jhipster/domain/SocialUserConnection.java:3: error: package org.hibernate.annotations does not exist
[ERROR] diagnostic: /tmp/oracle/Thesis-JHipster/FML-brute/jhipsters/jhipster5601/src/main/java/io/variability/jhipster/domain/SocialUserConnection.java:4: error: package org.hibernate.annotations does not exist
[ERROR] error on execute: error during compilation
[ERROR] Failed to execute goal org.bsc.maven:maven-processor-plugin:2.2.4:process (process) on project jhipster: Error executing: error during compilation -> [Help 1]
[ERROR] 
[ERROR] To see the full stack trace of the errors, re-run Maven with the -e switch.
[ERROR] Re-run Maven using the -X switch to enable full debug logging.
[ERROR] 
[ERROR] For more information about the errors and possible solutions, please read the following articles:
[ERROR] [Help 1] http://cwiki.apache.org/confluence/display/MAVEN/MojoExecutionException
","KO","KO","ND","BUG6:SOCIALLOGIN"
"1485018978859","jhipster5874","true","""gateway""","""uaa""","""hazelcast""","""no""","""spring-websocket""","""sql""","""postgresql""","""postgresql""","""maven""","""no""","false","true","false","[""protractor"",""cucumber"",""gatling""]","OK","ExceptionHandlingAsyncTaskExecutor.java

Exception.java

ExceptionTranslator.java

","33.761","OK","","5.503","KO","Exception encountered during context initialization - cancelling refresh attempt: org.springframework.beans.factory.UnsatisfiedDependencyException: Error creating bean with name 'org.springframework.security.oauth2.config.annotation.web.configuration.ResourceServerConfiguration': Unsatisfied dependency expressed through field 'tokenStore': Error creating bean with name 'tokenStore' defined in class path resource [io/variability/jhipster/config/MicroserviceSecurityConfiguration.class]: Bean instantiation via factory method failed; nested exception is org.springframework.beans.BeanInstantiationException: Failed to instantiate [org.springframework.security.oauth2.provider.token.TokenStore]: Factory method 'tokenStore' threw exception; nested exception is org.springframework.beans.factory.BeanCreationException: Error creating bean with name 'jwtAccessTokenConverter' defined in class path resource [io/variability/jhipster/config/MicroserviceSecurityConfiguration.class]: Bean instantiation via factory method failed; nested exception is org.springframework.beans.BeanInstantiationException: Failed to instantiate [org.springframework.security.oauth2.provider.token.store.JwtAccessTokenConverter]: Factory method 'jwtAccessTokenConverter' threw exception; nested exception is java.lang.IllegalStateException: No instances available for uaa; nested exception is org.springframework.beans.factory.BeanCreationException: Error creating bean with name 'tokenStore' defined in class path resource [io/variability/jhipster/config/MicroserviceSecurityConfiguration.class]: Bean instantiation via factory method failed; nested exception is org.springframework.beans.BeanInstantiationException: Failed to instantiate [org.springframework.security.oauth2.provider.token.TokenStore]: Factory method 'tokenStore' threw exception; nested exception is org.springframework.beans.factory.BeanCreationException: Error creating bean with name 'jwtAccessTokenConverter' defined in class path resource [io/variability/jhipster/config/MicroserviceSecurityConfiguration.class]: Bean instantiation via factory method failed; nested exception is org.springframework.beans.BeanInstantiationException: Failed to instantiate [org.springframework.security.oauth2.provider.token.store.JwtAccessTokenConverter]: Factory method 'jwtAccessTokenConverter' threw exception; nested exception is java.lang.IllegalStateException: No instances available for uaa

Exception: Error creating bean with name 'eurekaInstanceConfigBean': Singleton bean creation not allowed while the singletons of this factory are in destruction (Do not request a bean from a BeanFactory in a destroy method implementation!)

Exception: Error creating bean with name 'org.springframework.security.oauth2.config.annotation.web.configuration.ResourceServerConfiguration': Unsatisfied dependency expressed through field 'tokenStore': Error creating bean with name 'tokenStore' defined in class path resource [io/variability/jhipster/config/MicroserviceSecurityConfiguration.class]: Bean instantiation via factory method failed; nested exception is org.springframework.beans.BeanInstantiationException: Failed to instantiate [org.springframework.security.oauth2.provider.token.TokenStore]: Factory method 'tokenStore' threw exception; nested exception is org.springframework.beans.factory.BeanCreationException: Error creating bean with name 'jwtAccessTokenConverter' defined in class path resource [io/variability/jhipster/config/MicroserviceSecurityConfiguration.class]: Bean instantiation via factory method failed; nested exception is org.springframework.beans.BeanInstantiationException: Failed to instantiate [org.springframework.security.oauth2.provider.token.store.JwtAccessTokenConverter]: Factory method 'jwtAccessTokenConverter' threw exception; nested exception is java.lang.IllegalStateException: No instances available for uaa; nested exception is org.springframework.beans.factory.BeanCreationException: Error creating bean with name 'tokenStore' defined in class path resource [io/variability/jhipster/config/MicroserviceSecurityConfiguration.class]: Bean instantiation via factory method failed; nested exception is org.springframework.beans.BeanInstantiationException: Failed to instantiate [org.springframework.security.oauth2.provider.token.TokenStore]: Factory method 'tokenStore' threw exception; nested exception is org.springframework.beans.factory.BeanCreationException: Error creating bean with name 'jwtAccessTokenConverter' defined in class path resource [io/variability/jhipster/config/MicroserviceSecurityConfiguration.class]: Bean instantiation via factory method failed; nested exception is org.springframework.beans.BeanInstantiationException: Failed to instantiate [org.springframework.security.oauth2.provider.token.store.JwtAccessTokenConverter]: Factory method 'jwtAccessTokenConverter' threw exception; nested exception is java.lang.IllegalStateException: No instances available for uaa

Exception: Error creating bean with name 'tokenStore' defined in class path resource [io/variability/jhipster/config/MicroserviceSecurityConfiguration.class]: Bean instantiation via factory method failed; nested exception is org.springframework.beans.BeanInstantiationException: Failed to instantiate [org.springframework.security.oauth2.provider.token.TokenStore]: Factory method 'tokenStore' threw exception; nested exception is org.springframework.beans.factory.BeanCreationException: Error creating bean with name 'jwtAccessTokenConverter' defined in class path resource [io/variability/jhipster/config/MicroserviceSecurityConfiguration.class]: Bean instantiation via factory method failed; nested exception is org.springframework.beans.BeanInstantiationException: Failed to instantiate [org.springframework.security.oauth2.provider.token.store.JwtAccessTokenConverter]: Factory method 'jwtAccessTokenConverter' threw exception; nested exception is java.lang.IllegalStateException: No instances available for uaa

Exception: Failed to instantiate [org.springframework.security.oauth2.provider.token.TokenStore]: Factory method 'tokenStore' threw exception; nested exception is org.springframework.beans.factory.BeanCreationException: Error creating bean with name 'jwtAccessTokenConverter' defined in class path resource [io/variability/jhipster/config/MicroserviceSecurityConfiguration.class]: Bean instantiation via factory method failed; nested exception is org.springframework.beans.BeanInstantiationException: Failed to instantiate [org.springframework.security.oauth2.provider.token.store.JwtAccessTokenConverter]: Factory method 'jwtAccessTokenConverter' threw exception; nested exception is java.lang.IllegalStateException: No instances available for uaa

Exception: Error creating bean with name 'jwtAccessTokenConverter' defined in class path resource [io/variability/jhipster/config/MicroserviceSecurityConfiguration.class]: Bean instantiation via factory method failed; nested exception is org.springframework.beans.BeanInstantiationException: Failed to instantiate [org.springframework.security.oauth2.provider.token.store.JwtAccessTokenConverter]: Factory method 'jwtAccessTokenConverter' threw exception; nested exception is java.lang.IllegalStateException: No instances available for uaa

Exception: Failed to instantiate [org.springframework.security.oauth2.provider.token.store.JwtAccessTokenConverter]: Factory method 'jwtAccessTokenConverter' threw exception; nested exception is java.lang.IllegalStateException: No instances available for uaa

Exception: No instances available for uaa

Caused by: org.springframework.beans.factory.BeanCreationException: Error creating bean with name 'tokenStore' defined in class path resource [io/variability/jhipster/config/MicroserviceSecurityConfiguration.class]: Bean instantiation via factory method failed; nested exception is org.springframework.beans.BeanInstantiationException: Failed to instantiate [org.springframework.security.oauth2.provider.token.TokenStore]: Factory method 'tokenStore' threw exception; nested exception is org.springframework.beans.factory.BeanCreationException: Error creating bean with name 'jwtAccessTokenConverter' defined in class path resource [io/variability/jhipster/config/MicroserviceSecurityConfiguration.class]: Bean instantiation via factory method failed; nested exception is org.springframework.beans.BeanInstantiationException: Failed to instantiate [org.springframework.security.oauth2.provider.token.store.JwtAccessTokenConverter]: Factory method 'jwtAccessTokenConverter' threw exception; nested exception is java.lang.IllegalStateException: No instances available for uaa

Caused by: org.springframework.beans.BeanInstantiationException: Failed to instantiate [org.springframework.security.oauth2.provider.token.TokenStore]: Factory method 'tokenStore' threw exception; nested exception is org.springframework.beans.factory.BeanCreationException: Error creating bean with name 'jwtAccessTokenConverter' defined in class path resource [io/variability/jhipster/config/MicroserviceSecurityConfiguration.class]: Bean instantiation via factory method failed; nested exception is org.springframework.beans.BeanInstantiationException: Failed to instantiate [org.springframework.security.oauth2.provider.token.store.JwtAccessTokenConverter]: Factory method 'jwtAccessTokenConverter' threw exception; nested exception is java.lang.IllegalStateException: No instances available for uaa

Caused by: org.springframework.beans.factory.BeanCreationException: Error creating bean with name 'jwtAccessTokenConverter' defined in class path resource [io/variability/jhipster/config/MicroserviceSecurityConfiguration.class]: Bean instantiation via factory method failed; nested exception is org.springframework.beans.BeanInstantiationException: Failed to instantiate [org.springframework.security.oauth2.provider.token.store.JwtAccessTokenConverter]: Factory method 'jwtAccessTokenConverter' threw exception; nested exception is java.lang.IllegalStateException: No instances available for uaa

Caused by: org.springframework.beans.BeanInstantiationException: Failed to instantiate [org.springframework.security.oauth2.provider.token.store.JwtAccessTokenConverter]: Factory method 'jwtAccessTokenConverter' threw exception; nested exception is java.lang.IllegalStateException: No instances available for uaa

Caused by: java.lang.IllegalStateException: No instances available for uaa

ERROR:  relation ""public.databasechangeloglock"" does not exist at character 22

","BUG2:UAAAuthenticationDocker"
"1485018440884","jhipster6312","false","""gateway""","""uaa""","""no""","""hazelcast""","""no""","""cassandra""","""cassandra""","""cassandra""","""gradle""","""no""","false","true","true","[""cucumber"",""protractor"",""gatling""]","OK","ExceptionHandlingAsyncTaskExecutor.java

Exception.java

ExceptionTranslator.java

","40.645","OK","","33.64 ","KO","Exception encountered during context initialization - cancelling refresh attempt: org.springframework.beans.factory.UnsatisfiedDependencyException: Error creating bean with name 'org.springframework.security.oauth2.config.annotation.web.configuration.ResourceServerConfiguration': Unsatisfied dependency expressed through field 'tokenStore': Error creating bean with name 'tokenStore' defined in class path resource [io/variability/jhipster/config/MicroserviceSecurityConfiguration.class]: Bean instantiation via factory method failed; nested exception is org.springframework.beans.BeanInstantiationException: Failed to instantiate [org.springframework.security.oauth2.provider.token.TokenStore]: Factory method 'tokenStore' threw exception; nested exception is org.springframework.beans.factory.BeanCreationException: Error creating bean with name 'jwtAccessTokenConverter' defined in class path resource [io/variability/jhipster/config/MicroserviceSecurityConfiguration.class]: Bean instantiation via factory method failed; nested exception is org.springframework.beans.BeanInstantiationException: Failed to instantiate [org.springframework.security.oauth2.provider.token.store.JwtAccessTokenConverter]: Factory method 'jwtAccessTokenConverter' threw exception; nested exception is java.lang.IllegalStateException: No instances available for uaa; nested exception is org.springframework.beans.factory.BeanCreationException: Error creating bean with name 'tokenStore' defined in class path resource [io/variability/jhipster/config/MicroserviceSecurityConfiguration.class]: Bean instantiation via factory method failed; nested exception is org.springframework.beans.BeanInstantiationException: Failed to instantiate [org.springframework.security.oauth2.provider.token.TokenStore]: Factory method 'tokenStore' threw exception; nested exception is org.springframework.beans.factory.BeanCreationException: Error creating bean with name 'jwtAccessTokenConverter' defined in class path resource [io/variability/jhipster/config/MicroserviceSecurityConfiguration.class]: Bean instantiation via factory method failed; nested exception is org.springframework.beans.BeanInstantiationException: Failed to instantiate [org.springframework.security.oauth2.provider.token.store.JwtAccessTokenConverter]: Factory method 'jwtAccessTokenConverter' threw exception; nested exception is java.lang.IllegalStateException: No instances available for uaa

Exception: Error creating bean with name 'eurekaInstanceConfigBean': Singleton bean creation not allowed while the singletons of this factory are in destruction (Do not request a bean from a BeanFactory in a destroy method implementation!)

Exception: Error creating bean with name 'org.springframework.security.oauth2.config.annotation.web.configuration.ResourceServerConfiguration': Unsatisfied dependency expressed through field 'tokenStore': Error creating bean with name 'tokenStore' defined in class path resource [io/variability/jhipster/config/MicroserviceSecurityConfiguration.class]: Bean instantiation via factory method failed; nested exception is org.springframework.beans.BeanInstantiationException: Failed to instantiate [org.springframework.security.oauth2.provider.token.TokenStore]: Factory method 'tokenStore' threw exception; nested exception is org.springframework.beans.factory.BeanCreationException: Error creating bean with name 'jwtAccessTokenConverter' defined in class path resource [io/variability/jhipster/config/MicroserviceSecurityConfiguration.class]: Bean instantiation via factory method failed; nested exception is org.springframework.beans.BeanInstantiationException: Failed to instantiate [org.springframework.security.oauth2.provider.token.store.JwtAccessTokenConverter]: Factory method 'jwtAccessTokenConverter' threw exception; nested exception is java.lang.IllegalStateException: No instances available for uaa; nested exception is org.springframework.beans.factory.BeanCreationException: Error creating bean with name 'tokenStore' defined in class path resource [io/variability/jhipster/config/MicroserviceSecurityConfiguration.class]: Bean instantiation via factory method failed; nested exception is org.springframework.beans.BeanInstantiationException: Failed to instantiate [org.springframework.security.oauth2.provider.token.TokenStore]: Factory method 'tokenStore' threw exception; nested exception is org.springframework.beans.factory.BeanCreationException: Error creating bean with name 'jwtAccessTokenConverter' defined in class path resource [io/variability/jhipster/config/MicroserviceSecurityConfiguration.class]: Bean instantiation via factory method failed; nested exception is org.springframework.beans.BeanInstantiationException: Failed to instantiate [org.springframework.security.oauth2.provider.token.store.JwtAccessTokenConverter]: Factory method 'jwtAccessTokenConverter' threw exception; nested exception is java.lang.IllegalStateException: No instances available for uaa

Exception: Error creating bean with name 'tokenStore' defined in class path resource [io/variability/jhipster/config/MicroserviceSecurityConfiguration.class]: Bean instantiation via factory method failed; nested exception is org.springframework.beans.BeanInstantiationException: Failed to instantiate [org.springframework.security.oauth2.provider.token.TokenStore]: Factory method 'tokenStore' threw exception; nested exception is org.springframework.beans.factory.BeanCreationException: Error creating bean with name 'jwtAccessTokenConverter' defined in class path resource [io/variability/jhipster/config/MicroserviceSecurityConfiguration.class]: Bean instantiation via factory method failed; nested exception is org.springframework.beans.BeanInstantiationException: Failed to instantiate [org.springframework.security.oauth2.provider.token.store.JwtAccessTokenConverter]: Factory method 'jwtAccessTokenConverter' threw exception; nested exception is java.lang.IllegalStateException: No instances available for uaa

Exception: Failed to instantiate [org.springframework.security.oauth2.provider.token.TokenStore]: Factory method 'tokenStore' threw exception; nested exception is org.springframework.beans.factory.BeanCreationException: Error creating bean with name 'jwtAccessTokenConverter' defined in class path resource [io/variability/jhipster/config/MicroserviceSecurityConfiguration.class]: Bean instantiation via factory method failed; nested exception is org.springframework.beans.BeanInstantiationException: Failed to instantiate [org.springframework.security.oauth2.provider.token.store.JwtAccessTokenConverter]: Factory method 'jwtAccessTokenConverter' threw exception; nested exception is java.lang.IllegalStateException: No instances available for uaa

Exception: Error creating bean with name 'jwtAccessTokenConverter' defined in class path resource [io/variability/jhipster/config/MicroserviceSecurityConfiguration.class]: Bean instantiation via factory method failed; nested exception is org.springframework.beans.BeanInstantiationException: Failed to instantiate [org.springframework.security.oauth2.provider.token.store.JwtAccessTokenConverter]: Factory method 'jwtAccessTokenConverter' threw exception; nested exception is java.lang.IllegalStateException: No instances available for uaa

Exception: Failed to instantiate [org.springframework.security.oauth2.provider.token.store.JwtAccessTokenConverter]: Factory method 'jwtAccessTokenConverter' threw exception; nested exception is java.lang.IllegalStateException: No instances available for uaa

Exception: No instances available for uaa

Caused by: org.springframework.beans.factory.BeanCreationException: Error creating bean with name 'tokenStore' defined in class path resource [io/variability/jhipster/config/MicroserviceSecurityConfiguration.class]: Bean instantiation via factory method failed; nested exception is org.springframework.beans.BeanInstantiationException: Failed to instantiate [org.springframework.security.oauth2.provider.token.TokenStore]: Factory method 'tokenStore' threw exception; nested exception is org.springframework.beans.factory.BeanCreationException: Error creating bean with name 'jwtAccessTokenConverter' defined in class path resource [io/variability/jhipster/config/MicroserviceSecurityConfiguration.class]: Bean instantiation via factory method failed; nested exception is org.springframework.beans.BeanInstantiationException: Failed to instantiate [org.springframework.security.oauth2.provider.token.store.JwtAccessTokenConverter]: Factory method 'jwtAccessTokenConverter' threw exception; nested exception is java.lang.IllegalStateException: No instances available for uaa

Caused by: org.springframework.beans.BeanInstantiationException: Failed to instantiate [org.springframework.security.oauth2.provider.token.TokenStore]: Factory method 'tokenStore' threw exception; nested exception is org.springframework.beans.factory.BeanCreationException: Error creating bean with name 'jwtAccessTokenConverter' defined in class path resource [io/variability/jhipster/config/MicroserviceSecurityConfiguration.class]: Bean instantiation via factory method failed; nested exception is org.springframework.beans.BeanInstantiationException: Failed to instantiate [org.springframework.security.oauth2.provider.token.store.JwtAccessTokenConverter]: Factory method 'jwtAccessTokenConverter' threw exception; nested exception is java.lang.IllegalStateException: No instances available for uaa

Caused by: org.springframework.beans.factory.BeanCreationException: Error creating bean with name 'jwtAccessTokenConverter' defined in class path resource [io/variability/jhipster/config/MicroserviceSecurityConfiguration.class]: Bean instantiation via factory method failed; nested exception is org.springframework.beans.BeanInstantiationException: Failed to instantiate [org.springframework.security.oauth2.provider.token.store.JwtAccessTokenConverter]: Factory method 'jwtAccessTokenConverter' threw exception; nested exception is java.lang.IllegalStateException: No instances available for uaa

Caused by: org.springframework.beans.BeanInstantiationException: Failed to instantiate [org.springframework.security.oauth2.provider.token.store.JwtAccessTokenConverter]: Factory method 'jwtAccessTokenConverter' threw exception; nested exception is java.lang.IllegalStateException: No instances available for uaa

Caused by: java.lang.IllegalStateException: No instances available for uaa

","BUG7:UAAEhcache"
"1484258805021","jhipster6737","false","""gateway""","""uaa""","""ehcache""","""no""","""spring-websocket""","""sql""","""DiskBased""","""mariadb""","""gradle""","""elasticsearch""","false","true","false","[""protractor"",""cucumber"",""gatling""]","OK","ExceptionHandlingAsyncTaskExecutor.java

Exception.java

ExceptionTranslator.java

","59.585","OK","","42.692 ","KO","Exception encountered during context initialization - cancelling refresh attempt: org.springframework.beans.factory.BeanCreationException: Error creating bean with name 'liquibase' defined in class path resource [io/variability/jhipster/config/DatabaseConfiguration.class]: Invocation of init method failed; nested exception is java.lang.RuntimeException: Failed to get driver instance for jdbcUrl=jdbc:mariadb://localhost:3306/jhipster

Exception: Error creating bean with name 'org.springframework.cache.config.internalCacheAdvisor' defined in class path resource [org/springframework/cache/annotation/ProxyCachingConfiguration.class]: Bean instantiation via factory method failed; nested exception is org.springframework.beans.BeanInstantiationException: Failed to instantiate [org.springframework.cache.interceptor.BeanFactoryCacheOperationSourceAdvisor]: Factory method 'cacheAdvisor' threw exception; nested exception is java.lang.NullPointerException)

Exception: Error creating bean with name 'liquibase' defined in class path resource [io/variability/jhipster/config/DatabaseConfiguration.class]: Invocation of init method failed; nested exception is java.lang.RuntimeException: Failed to get driver instance for jdbcUrl=jdbc:mariadb://localhost:3306/jhipster

Exception: Failed to get driver instance for jdbcUrl=jdbc:mariadb://localhost:3306/jhipster

Exception: No suitable driver

Caused by: java.lang.RuntimeException: Failed to get driver instance for jdbcUrl=jdbc:mariadb://localhost:3306/jhipster

Caused by: java.sql.SQLException: No suitable driver

","BUG1:mariadb"
"1485040203447","jhipster7074","false","""microservice""","""uaa""","""hazelcast""","ND","ND","""sql""","""InMemory""","""mariadb""","""maven""","""no""","ND","ND","false","[""gatling"",""cucumber""]","OK","ExceptionHandlingAsyncTaskExecutor.java

Exception.java

ExceptionTranslator.java

","3.384","OK","","4.911","KO","Exception encountered during context initialization - cancelling refresh attempt: org.springframework.beans.factory.UnsatisfiedDependencyException: Error creating bean with name 'org.springframework.security.oauth2.config.annotation.web.configuration.ResourceServerConfiguration': Unsatisfied dependency expressed through field 'tokenStore': Error creating bean with name 'tokenStore' defined in class path resource [io/variability/jhipster/config/MicroserviceSecurityConfiguration.class]: Bean instantiation via factory method failed; nested exception is org.springframework.beans.BeanInstantiationException: Failed to instantiate [org.springframework.security.oauth2.provider.token.TokenStore]: Factory method 'tokenStore' threw exception; nested exception is org.springframework.beans.factory.BeanCreationException: Error creating bean with name 'jwtAccessTokenConverter' defined in class path resource [io/variability/jhipster/config/MicroserviceSecurityConfiguration.class]: Bean instantiation via factory method failed; nested exception is org.springframework.beans.BeanInstantiationException: Failed to instantiate [org.springframework.security.oauth2.provider.token.store.JwtAccessTokenConverter]: Factory method 'jwtAccessTokenConverter' threw exception; nested exception is java.lang.IllegalStateException: No instances available for uaa; nested exception is org.springframework.beans.factory.BeanCreationException: Error creating bean with name 'tokenStore' defined in class path resource [io/variability/jhipster/config/MicroserviceSecurityConfiguration.class]: Bean instantiation via factory method failed; nested exception is org.springframework.beans.BeanInstantiationException: Failed to instantiate [org.springframework.security.oauth2.provider.token.TokenStore]: Factory method 'tokenStore' threw exception; nested exception is org.springframework.beans.factory.BeanCreationException: Error creating bean with name 'jwtAccessTokenConverter' defined in class path resource [io/variability/jhipster/config/MicroserviceSecurityConfiguration.class]: Bean instantiation via factory method failed; nested exception is org.springframework.beans.BeanInstantiationException: Failed to instantiate [org.springframework.security.oauth2.provider.token.store.JwtAccessTokenConverter]: Factory method 'jwtAccessTokenConverter' threw exception; nested exception is java.lang.IllegalStateException: No instances available for uaa

Exception: Error creating bean with name 'eurekaInstanceConfigBean': Singleton bean creation not allowed while the singletons of this factory are in destruction (Do not request a bean from a BeanFactory in a destroy method implementation!)

Exception: Error creating bean with name 'org.springframework.security.oauth2.config.annotation.web.configuration.ResourceServerConfiguration': Unsatisfied dependency expressed through field 'tokenStore': Error creating bean with name 'tokenStore' defined in class path resource [io/variability/jhipster/config/MicroserviceSecurityConfiguration.class]: Bean instantiation via factory method failed; nested exception is org.springframework.beans.BeanInstantiationException: Failed to instantiate [org.springframework.security.oauth2.provider.token.TokenStore]: Factory method 'tokenStore' threw exception; nested exception is org.springframework.beans.factory.BeanCreationException: Error creating bean with name 'jwtAccessTokenConverter' defined in class path resource [io/variability/jhipster/config/MicroserviceSecurityConfiguration.class]: Bean instantiation via factory method failed; nested exception is org.springframework.beans.BeanInstantiationException: Failed to instantiate [org.springframework.security.oauth2.provider.token.store.JwtAccessTokenConverter]: Factory method 'jwtAccessTokenConverter' threw exception; nested exception is java.lang.IllegalStateException: No instances available for uaa; nested exception is org.springframework.beans.factory.BeanCreationException: Error creating bean with name 'tokenStore' defined in class path resource [io/variability/jhipster/config/MicroserviceSecurityConfiguration.class]: Bean instantiation via factory method failed; nested exception is org.springframework.beans.BeanInstantiationException: Failed to instantiate [org.springframework.security.oauth2.provider.token.TokenStore]: Factory method 'tokenStore' threw exception; nested exception is org.springframework.beans.factory.BeanCreationException: Error creating bean with name 'jwtAccessTokenConverter' defined in class path resource [io/variability/jhipster/config/MicroserviceSecurityConfiguration.class]: Bean instantiation via factory method failed; nested exception is org.springframework.beans.BeanInstantiationException: Failed to instantiate [org.springframework.security.oauth2.provider.token.store.JwtAccessTokenConverter]: Factory method 'jwtAccessTokenConverter' threw exception; nested exception is java.lang.IllegalStateException: No instances available for uaa

Exception: Error creating bean with name 'tokenStore' defined in class path resource [io/variability/jhipster/config/MicroserviceSecurityConfiguration.class]: Bean instantiation via factory method failed; nested exception is org.springframework.beans.BeanInstantiationException: Failed to instantiate [org.springframework.security.oauth2.provider.token.TokenStore]: Factory method 'tokenStore' threw exception; nested exception is org.springframework.beans.factory.BeanCreationException: Error creating bean with name 'jwtAccessTokenConverter' defined in class path resource [io/variability/jhipster/config/MicroserviceSecurityConfiguration.class]: Bean instantiation via factory method failed; nested exception is org.springframework.beans.BeanInstantiationException: Failed to instantiate [org.springframework.security.oauth2.provider.token.store.JwtAccessTokenConverter]: Factory method 'jwtAccessTokenConverter' threw exception; nested exception is java.lang.IllegalStateException: No instances available for uaa

Exception: Failed to instantiate [org.springframework.security.oauth2.provider.token.TokenStore]: Factory method 'tokenStore' threw exception; nested exception is org.springframework.beans.factory.BeanCreationException: Error creating bean with name 'jwtAccessTokenConverter' defined in class path resource [io/variability/jhipster/config/MicroserviceSecurityConfiguration.class]: Bean instantiation via factory method failed; nested exception is org.springframework.beans.BeanInstantiationException: Failed to instantiate [org.springframework.security.oauth2.provider.token.store.JwtAccessTokenConverter]: Factory method 'jwtAccessTokenConverter' threw exception; nested exception is java.lang.IllegalStateException: No instances available for uaa

Exception: Error creating bean with name 'jwtAccessTokenConverter' defined in class path resource [io/variability/jhipster/config/MicroserviceSecurityConfiguration.class]: Bean instantiation via factory method failed; nested exception is org.springframework.beans.BeanInstantiationException: Failed to instantiate [org.springframework.security.oauth2.provider.token.store.JwtAccessTokenConverter]: Factory method 'jwtAccessTokenConverter' threw exception; nested exception is java.lang.IllegalStateException: No instances available for uaa

Exception: Failed to instantiate [org.springframework.security.oauth2.provider.token.store.JwtAccessTokenConverter]: Factory method 'jwtAccessTokenConverter' threw exception; nested exception is java.lang.IllegalStateException: No instances available for uaa

Exception: No instances available for uaa

Exception

Exception: Error creating bean with name 'org.springframework.security.oauth2.config.annotation.web.configuration.ResourceServerConfiguration': Unsatisfied dependency expressed through field 'tokenStore': Error creating bean with name 'tokenStore' defined in class path resource [io/variability/jhipster/config/MicroserviceSecurityConfiguration.class]: Bean instantiation via factory method failed; nested exception is org.springframework.beans.BeanInstantiationException: Failed to instantiate [org.springframework.security.oauth2.provider.token.TokenStore]: Factory method 'tokenStore' threw exception; nested exception is org.springframework.beans.factory.BeanCreationException: Error creating bean with name 'jwtAccessTokenConverter' defined in class path resource [io/variability/jhipster/config/MicroserviceSecurityConfiguration.class]: Bean instantiation via factory method failed; nested exception is org.springframework.beans.BeanInstantiationException: Failed to instantiate [org.springframework.security.oauth2.provider.token.store.JwtAccessTokenConverter]: Factory method 'jwtAccessTokenConverter' threw exception; nested exception is java.lang.IllegalStateException: No instances available for uaa; nested exception is org.springframework.beans.factory.BeanCreationException: Error creating bean with name 'tokenStore' defined in class path resource [io/variability/jhipster/config/MicroserviceSecurityConfiguration.class]: Bean instantiation via factory method failed; nested exception is org.springframework.beans.BeanInstantiationException: Failed to instantiate [org.springframework.security.oauth2.provider.token.TokenStore]: Factory method 'tokenStore' threw exception; nested exception is org.springframework.beans.factory.BeanCreationException: Error creating bean with name 'jwtAccessTokenConverter' defined in class path resource [io/variability/jhipster/config/MicroserviceSecurityConfiguration.class]: Bean instantiation via factory method failed; nested exception is org.springframework.beans.BeanInstantiationException: Failed to instantiate [org.springframework.security.oauth2.provider.token.store.JwtAccessTokenConverter]: Factory method 'jwtAccessTokenConverter' threw exception; nested exception is java.lang.IllegalStateException: No instances available for uaa

Exception: Error creating bean with name 'tokenStore' defined in class path resource [io/variability/jhipster/config/MicroserviceSecurityConfiguration.class]: Bean instantiation via factory method failed; nested exception is org.springframework.beans.BeanInstantiationException: Failed to instantiate [org.springframework.security.oauth2.provider.token.TokenStore]: Factory method 'tokenStore' threw exception; nested exception is org.springframework.beans.factory.BeanCreationException: Error creating bean with name 'jwtAccessTokenConverter' defined in class path resource [io/variability/jhipster/config/MicroserviceSecurityConfiguration.class]: Bean instantiation via factory method failed; nested exception is org.springframework.beans.BeanInstantiationException: Failed to instantiate [org.springframework.security.oauth2.provider.token.store.JwtAccessTokenConverter]: Factory method 'jwtAccessTokenConverter' threw exception; nested exception is java.lang.IllegalStateException: No instances available for uaa

Exception: Failed to instantiate [org.springframework.security.oauth2.provider.token.TokenStore]: Factory method 'tokenStore' threw exception; nested exception is org.springframework.beans.factory.BeanCreationException: Error creating bean with name 'jwtAccessTokenConverter' defined in class path resource [io/variability/jhipster/config/MicroserviceSecurityConfiguration.class]: Bean instantiation via factory method failed; nested exception is org.springframework.beans.BeanInstantiationException: Failed to instantiate [org.springframework.security.oauth2.provider.token.store.JwtAccessTokenConverter]: Factory method 'jwtAccessTokenConverter' threw exception; nested exception is java.lang.IllegalStateException: No instances available for uaa

Exception: Error creating bean with name 'jwtAccessTokenConverter' defined in class path resource [io/variability/jhipster/config/MicroserviceSecurityConfiguration.class]: Bean instantiation via factory method failed; nested exception is org.springframework.beans.BeanInstantiationException: Failed to instantiate [org.springframework.security.oauth2.provider.token.store.JwtAccessTokenConverter]: Factory method 'jwtAccessTokenConverter' threw exception; nested exception is java.lang.IllegalStateException: No instances available for uaa

Exception: Failed to instantiate [org.springframework.security.oauth2.provider.token.store.JwtAccessTokenConverter]: Factory method 'jwtAccessTokenConverter' threw exception; nested exception is java.lang.IllegalStateException: No instances available for uaa

Exception: No instances available for uaa

Exception: Error creating bean with name 'org.springframework.security.oauth2.config.annotation.web.configuration.ResourceServerConfiguration': Unsatisfied dependency expressed through field 'tokenStore': Error creating bean with name 'tokenStore' defined in class path resource [io/variability/jhipster/config/MicroserviceSecurityConfiguration.class]: Bean instantiation via factory method failed; nested exception is org.springframework.beans.BeanInstantiationException: Failed to instantiate [org.springframework.security.oauth2.provider.token.TokenStore]: Factory method 'tokenStore' threw exception; nested exception is org.springframework.beans.factory.BeanCreationException: Error creating bean with name 'jwtAccessTokenConverter' defined in class path resource [io/variability/jhipster/config/MicroserviceSecurityConfiguration.class]: Bean instantiation via factory method failed; nested exception is org.springframework.beans.BeanInstantiationException: Failed to instantiate [org.springframework.security.oauth2.provider.token.store.JwtAccessTokenConverter]: Factory method 'jwtAccessTokenConverter' threw exception; nested exception is java.lang.IllegalStateException: No instances available for uaa; nested exception is org.springframework.beans.factory.BeanCreationException: Error creating bean with name 'tokenStore' defined in class path resource [io/variability/jhipster/config/MicroserviceSecurityConfiguration.class]: Bean instantiation via factory method failed; nested exception is org.springframework.beans.BeanInstantiationException: Failed to instantiate [org.springframework.security.oauth2.provider.token.TokenStore]: Factory method 'tokenStore' threw exception; nested exception is org.springframework.beans.factory.BeanCreationException: Error creating bean with name 'jwtAccessTokenConverter' defined in class path resource [io/variability/jhipster/config/MicroserviceSecurityConfiguration.class]: Bean instantiation via factory method failed; nested exception is org.springframework.beans.BeanInstantiationException: Failed to instantiate [org.springframework.security.oauth2.provider.token.store.JwtAccessTokenConverter]: Factory method 'jwtAccessTokenConverter' threw exception; nested exception is java.lang.IllegalStateException: No instances available for uaa -> [Help 1]

Exception

Caused by: org.springframework.beans.factory.BeanCreationException: Error creating bean with name 'tokenStore' defined in class path resource [io/variability/jhipster/config/MicroserviceSecurityConfiguration.class]: Bean instantiation via factory method failed; nested exception is org.springframework.beans.BeanInstantiationException: Failed to instantiate [org.springframework.security.oauth2.provider.token.TokenStore]: Factory method 'tokenStore' threw exception; nested exception is org.springframework.beans.factory.BeanCreationException: Error creating bean with name 'jwtAccessTokenConverter' defined in class path resource [io/variability/jhipster/config/MicroserviceSecurityConfiguration.class]: Bean instantiation via factory method failed; nested exception is org.springframework.beans.BeanInstantiationException: Failed to instantiate [org.springframework.security.oauth2.provider.token.store.JwtAccessTokenConverter]: Factory method 'jwtAccessTokenConverter' threw exception; nested exception is java.lang.IllegalStateException: No instances available for uaa

Caused by: org.springframework.beans.BeanInstantiationException: Failed to instantiate [org.springframework.security.oauth2.provider.token.TokenStore]: Factory method 'tokenStore' threw exception; nested exception is org.springframework.beans.factory.BeanCreationException: Error creating bean with name 'jwtAccessTokenConverter' defined in class path resource [io/variability/jhipster/config/MicroserviceSecurityConfiguration.class]: Bean instantiation via factory method failed; nested exception is org.springframework.beans.BeanInstantiationException: Failed to instantiate [org.springframework.security.oauth2.provider.token.store.JwtAccessTokenConverter]: Factory method 'jwtAccessTokenConverter' threw exception; nested exception is java.lang.IllegalStateException: No instances available for uaa

Caused by: org.springframework.beans.factory.BeanCreationException: Error creating bean with name 'jwtAccessTokenConverter' defined in class path resource [io/variability/jhipster/config/MicroserviceSecurityConfiguration.class]: Bean instantiation via factory method failed; nested exception is org.springframework.beans.BeanInstantiationException: Failed to instantiate [org.springframework.security.oauth2.provider.token.store.JwtAccessTokenConverter]: Factory method 'jwtAccessTokenConverter' threw exception; nested exception is java.lang.IllegalStateException: No instances available for uaa

Caused by: org.springframework.beans.BeanInstantiationException: Failed to instantiate [org.springframework.security.oauth2.provider.token.store.JwtAccessTokenConverter]: Factory method 'jwtAccessTokenConverter' threw exception; nested exception is java.lang.IllegalStateException: No instances available for uaa

Caused by: java.lang.IllegalStateException: No instances available for uaa

Caused by: org.springframework.beans.factory.UnsatisfiedDependencyException: Error creating bean with name 'org.springframework.security.oauth2.config.annotation.web.configuration.ResourceServerConfiguration': Unsatisfied dependency expressed through field 'tokenStore': Error creating bean with name 'tokenStore' defined in class path resource [io/variability/jhipster/config/MicroserviceSecurityConfiguration.class]: Bean instantiation via factory method failed; nested exception is org.springframework.beans.BeanInstantiationException: Failed to instantiate [org.springframework.security.oauth2.provider.token.TokenStore]: Factory method 'tokenStore' threw exception; nested exception is org.springframework.beans.factory.BeanCreationException: Error creating bean with name 'jwtAccessTokenConverter' defined in class path resource [io/variability/jhipster/config/MicroserviceSecurityConfiguration.class]: Bean instantiation via factory method failed; nested exception is org.springframework.beans.BeanInstantiationException: Failed to instantiate [org.springframework.security.oauth2.provider.token.store.JwtAccessTokenConverter]: Factory method 'jwtAccessTokenConverter' threw exception; nested exception is java.lang.IllegalStateException: No instances available for uaa; nested exception is org.springframework.beans.factory.BeanCreationException: Error creating bean with name 'tokenStore' defined in class path resource [io/variability/jhipster/config/MicroserviceSecurityConfiguration.class]: Bean instantiation via factory method failed; nested exception is org.springframework.beans.BeanInstantiationException: Failed to instantiate [org.springframework.security.oauth2.provider.token.TokenStore]: Factory method 'tokenStore' threw exception; nested exception is org.springframework.beans.factory.BeanCreationException: Error creating bean with name 'jwtAccessTokenConverter' defined in class path resource [io/variability/jhipster/config/MicroserviceSecurityConfiguration.class]: Bean instantiation via factory method failed; nested exception is org.springframework.beans.BeanInstantiationException: Failed to instantiate [org.springframework.security.oauth2.provider.token.store.JwtAccessTokenConverter]: Factory method 'jwtAccessTokenConverter' threw exception; nested exception is java.lang.IllegalStateException: No instances available for uaa

Caused by: org.springframework.beans.factory.BeanCreationException: Error creating bean with name 'tokenStore' defined in class path resource [io/variability/jhipster/config/MicroserviceSecurityConfiguration.class]: Bean instantiation via factory method failed; nested exception is org.springframework.beans.BeanInstantiationException: Failed to instantiate [org.springframework.security.oauth2.provider.token.TokenStore]: Factory method 'tokenStore' threw exception; nested exception is org.springframework.beans.factory.BeanCreationException: Error creating bean with name 'jwtAccessTokenConverter' defined in class path resource [io/variability/jhipster/config/MicroserviceSecurityConfiguration.class]: Bean instantiation via factory method failed; nested exception is org.springframework.beans.BeanInstantiationException: Failed to instantiate [org.springframework.security.oauth2.provider.token.store.JwtAccessTokenConverter]: Factory method 'jwtAccessTokenConverter' threw exception; nested exception is java.lang.IllegalStateException: No instances available for uaa

Caused by: org.springframework.beans.BeanInstantiationException: Failed to instantiate [org.springframework.security.oauth2.provider.token.TokenStore]: Factory method 'tokenStore' threw exception; nested exception is org.springframework.beans.factory.BeanCreationException: Error creating bean with name 'jwtAccessTokenConverter' defined in class path resource [io/variability/jhipster/config/MicroserviceSecurityConfiguration.class]: Bean instantiation via factory method failed; nested exception is org.springframework.beans.BeanInstantiationException: Failed to instantiate [org.springframework.security.oauth2.provider.token.store.JwtAccessTokenConverter]: Factory method 'jwtAccessTokenConverter' threw exception; nested exception is java.lang.IllegalStateException: No instances available for uaa

Caused by: org.springframework.beans.factory.BeanCreationException: Error creating bean with name 'jwtAccessTokenConverter' defined in class path resource [io/variability/jhipster/config/MicroserviceSecurityConfiguration.class]: Bean instantiation via factory method failed; nested exception is org.springframework.beans.BeanInstantiationException: Failed to instantiate [org.springframework.security.oauth2.provider.token.store.JwtAccessTokenConverter]: Factory method 'jwtAccessTokenConverter' threw exception; nested exception is java.lang.IllegalStateException: No instances available for uaa

Caused by: org.springframework.beans.BeanInstantiationException: Failed to instantiate [org.springframework.security.oauth2.provider.token.store.JwtAccessTokenConverter]: Factory method 'jwtAccessTokenConverter' threw exception; nested exception is java.lang.IllegalStateException: No instances available for uaa

Caused by: java.lang.IllegalStateException: No instances available for uaa

[ERROR] Failed to execute goal org.springframework.boot:spring-boot-maven-plugin:1.4.0.RELEASE:run (default-cli) on project jhipster: An exception occurred while running. null: InvocationTargetException: Error creating bean with name 'org.springframework.security.oauth2.config.annotation.web.configuration.ResourceServerConfiguration': Unsatisfied dependency expressed through field 'tokenStore': Error creating bean with name 'tokenStore' defined in class path resource [io/variability/jhipster/config/MicroserviceSecurityConfiguration.class]: Bean instantiation via factory method failed; nested exception is org.springframework.beans.BeanInstantiationException: Failed to instantiate [org.springframework.security.oauth2.provider.token.TokenStore]: Factory method 'tokenStore' threw exception; nested exception is org.springframework.beans.factory.BeanCreationException: Error creating bean with name 'jwtAccessTokenConverter' defined in class path resource [io/variability/jhipster/config/MicroserviceSecurityConfiguration.class]: Bean instantiation via factory method failed; nested exception is org.springframework.beans.BeanInstantiationException: Failed to instantiate [org.springframework.security.oauth2.provider.token.store.JwtAccessTokenConverter]: Factory method 'jwtAccessTokenConverter' threw exception; nested exception is java.lang.IllegalStateException: No instances available for uaa; nested exception is org.springframework.beans.factory.BeanCreationException: Error creating bean with name 'tokenStore' defined in class path resource [io/variability/jhipster/config/MicroserviceSecurityConfiguration.class]: Bean instantiation via factory method failed; nested exception is org.springframework.beans.BeanInstantiationException: Failed to instantiate [org.springframework.security.oauth2.provider.token.TokenStore]: Factory method 'tokenStore' threw exception; nested exception is org.springframework.beans.factory.BeanCreationException: Error creating bean with name 'jwtAccessTokenConverter' defined in class path resource [io/variability/jhipster/config/MicroserviceSecurityConfiguration.class]: Bean instantiation via factory method failed; nested exception is org.springframework.beans.BeanInstantiationException: Failed to instantiate [org.springframework.security.oauth2.provider.token.store.JwtAccessTokenConverter]: Factory method 'jwtAccessTokenConverter' threw exception; nested exception is java.lang.IllegalStateException: No instances available for uaa -> [Help 1]
[ERROR] 
[ERROR] To see the full stack trace of the errors, re-run Maven with the -e switch.
[ERROR] Re-run Maven using the -X switch to enable full debug logging.
[ERROR] 
[ERROR] For more information about the errors and possible solutions, please read the following articles:
[ERROR] [Help 1] http://cwiki.apache.org/confluence/display/MAVEN/MojoExecutionException
","BUG7:UAAEhcache"
"1484259085498","jhipster7539","true","""microservice""","""jwt""","""ehcache""","ND","ND","""sql""","""DiskBased""","""mariadb""","""gradle""","""elasticsearch""","ND","ND","true","[""cucumber"",""gatling""]","OK","ExceptionHandlingAsyncTaskExecutor.java

Exception.java

ExceptionTranslator.java

","2.687","OK","","9.799 ","KO","Exception encountered during context initialization - cancelling refresh attempt: org.springframework.beans.factory.BeanCreationException: Error creating bean with name 'liquibase' defined in class path resource [io/variability/jhipster/config/DatabaseConfiguration.class]: Invocation of init method failed; nested exception is java.lang.RuntimeException: Failed to get driver instance for jdbcUrl=jdbc:mariadb://mariadb:3306/jhipster

Exception: Error creating bean with name 'metaDataSourceAdvisor': Cannot resolve reference to bean 'methodSecurityMetadataSource' while setting constructor argument; nested exception is org.springframework.beans.factory.BeanCreationException: Error creating bean with name 'methodSecurityMetadataSource' defined in class path resource [org/springframework/security/config/annotation/method/configuration/GlobalMethodSecurityConfiguration.class]: Bean instantiation via factory method failed; nested exception is org.springframework.beans.BeanInstantiationException: Failed to instantiate [org.springframework.security.access.method.MethodSecurityMetadataSource]: Factory method 'methodSecurityMetadataSource' threw exception; nested exception is java.lang.IllegalArgumentException: org.springframework.security.config.annotation.method.configuration.EnableGlobalMethodSecurity is required)

Exception: Error creating bean with name 'liquibase' defined in class path resource [io/variability/jhipster/config/DatabaseConfiguration.class]: Invocation of init method failed; nested exception is java.lang.RuntimeException: Failed to get driver instance for jdbcUrl=jdbc:mariadb://mariadb:3306/jhipster

Exception: Failed to get driver instance for jdbcUrl=jdbc:mariadb://mariadb:3306/jhipster

Exception: No suitable driver

Caused by: java.lang.RuntimeException: Failed to get driver instance for jdbcUrl=jdbc:mariadb://mariadb:3306/jhipster

Caused by: java.sql.SQLException: No suitable driver

[36mjhipster-mariadb          |[0m 2017-01-12 22:41:19 140205414488000 [ERROR] Aborting
ERROR: 1049  Unknown database 'test'

","BUG1:mariadb"
"1484251636449","jhipster8184","false","""microservice""","""uaa""","""ehcache""","ND","ND","""sql""","""DiskBased""","""mysql""","""gradle""","""elasticsearch""","ND","ND","true","[""gatling"",""cucumber""]","OK","ExceptionHandlingAsyncTaskExecutor.java

Exception.java

ExceptionTranslator.java

","2.991","OK","","35.895 ","KO","Exception: None of the configured nodes are available: [{#transport#-1}{127.0.0.1}{localhost/127.0.0.1:9300}]

Exception: None of the configured nodes are available: [{#transport#-1}{127.0.0.1}{localhost/127.0.0.1:9300}]

Exception: None of the configured nodes are available: [{#transport#-1}{127.0.0.1}{localhost/127.0.0.1:9300}]

Exception: None of the configured nodes are available: [{#transport#-1}{127.0.0.1}{localhost/127.0.0.1:9300}]

Exception: None of the configured nodes are available: [{#transport#-1}{127.0.0.1}{localhost/127.0.0.1:9300}]

Exception: None of the configured nodes are available: [{#transport#-1}{127.0.0.1}{localhost/127.0.0.1:9300}]

Exception: None of the configured nodes are available: [{#transport#-1}{127.0.0.1}{localhost/127.0.0.1:9300}]

Exception: None of the configured nodes are available: [{#transport#-1}{127.0.0.1}{localhost/127.0.0.1:9300}]

Exception encountered during context initialization - cancelling refresh attempt: org.springframework.beans.factory.UnsatisfiedDependencyException: Error creating bean with name 'org.springframework.security.oauth2.config.annotation.web.configuration.ResourceServerConfiguration': Unsatisfied dependency expressed through field 'tokenStore': Error creating bean with name 'tokenStore' defined in class path resource [io/variability/jhipster/config/MicroserviceSecurityConfiguration.class]: Bean instantiation via factory method failed; nested exception is org.springframework.beans.BeanInstantiationException: Failed to instantiate [org.springframework.security.oauth2.provider.token.TokenStore]: Factory method 'tokenStore' threw exception; nested exception is org.springframework.beans.factory.BeanCreationException: Error creating bean with name 'jwtAccessTokenConverter' defined in class path resource [io/variability/jhipster/config/MicroserviceSecurityConfiguration.class]: Bean instantiation via factory method failed; nested exception is org.springframework.beans.BeanInstantiationException: Failed to instantiate [org.springframework.security.oauth2.provider.token.store.JwtAccessTokenConverter]: Factory method 'jwtAccessTokenConverter' threw exception; nested exception is java.lang.IllegalStateException: No instances available for uaa; nested exception is org.springframework.beans.factory.BeanCreationException: Error creating bean with name 'tokenStore' defined in class path resource [io/variability/jhipster/config/MicroserviceSecurityConfiguration.class]: Bean instantiation via factory method failed; nested exception is org.springframework.beans.BeanInstantiationException: Failed to instantiate [org.springframework.security.oauth2.provider.token.TokenStore]: Factory method 'tokenStore' threw exception; nested exception is org.springframework.beans.factory.BeanCreationException: Error creating bean with name 'jwtAccessTokenConverter' defined in class path resource [io/variability/jhipster/config/MicroserviceSecurityConfiguration.class]: Bean instantiation via factory method failed; nested exception is org.springframework.beans.BeanInstantiationException: Failed to instantiate [org.springframework.security.oauth2.provider.token.store.JwtAccessTokenConverter]: Factory method 'jwtAccessTokenConverter' threw exception; nested exception is java.lang.IllegalStateException: No instances available for uaa

Exception: Error creating bean with name 'org.springframework.security.oauth2.config.annotation.web.configuration.ResourceServerConfiguration': Unsatisfied dependency expressed through field 'tokenStore': Error creating bean with name 'tokenStore' defined in class path resource [io/variability/jhipster/config/MicroserviceSecurityConfiguration.class]: Bean instantiation via factory method failed; nested exception is org.springframework.beans.BeanInstantiationException: Failed to instantiate [org.springframework.security.oauth2.provider.token.TokenStore]: Factory method 'tokenStore' threw exception; nested exception is org.springframework.beans.factory.BeanCreationException: Error creating bean with name 'jwtAccessTokenConverter' defined in class path resource [io/variability/jhipster/config/MicroserviceSecurityConfiguration.class]: Bean instantiation via factory method failed; nested exception is org.springframework.beans.BeanInstantiationException: Failed to instantiate [org.springframework.security.oauth2.provider.token.store.JwtAccessTokenConverter]: Factory method 'jwtAccessTokenConverter' threw exception; nested exception is java.lang.IllegalStateException: No instances available for uaa; nested exception is org.springframework.beans.factory.BeanCreationException: Error creating bean with name 'tokenStore' defined in class path resource [io/variability/jhipster/config/MicroserviceSecurityConfiguration.class]: Bean instantiation via factory method failed; nested exception is org.springframework.beans.BeanInstantiationException: Failed to instantiate [org.springframework.security.oauth2.provider.token.TokenStore]: Factory method 'tokenStore' threw exception; nested exception is org.springframework.beans.factory.BeanCreationException: Error creating bean with name 'jwtAccessTokenConverter' defined in class path resource [io/variability/jhipster/config/MicroserviceSecurityConfiguration.class]: Bean instantiation via factory method failed; nested exception is org.springframework.beans.BeanInstantiationException: Failed to instantiate [org.springframework.security.oauth2.provider.token.store.JwtAccessTokenConverter]: Factory method 'jwtAccessTokenConverter' threw exception; nested exception is java.lang.IllegalStateException: No instances available for uaa

Exception: Error creating bean with name 'tokenStore' defined in class path resource [io/variability/jhipster/config/MicroserviceSecurityConfiguration.class]: Bean instantiation via factory method failed; nested exception is org.springframework.beans.BeanInstantiationException: Failed to instantiate [org.springframework.security.oauth2.provider.token.TokenStore]: Factory method 'tokenStore' threw exception; nested exception is org.springframework.beans.factory.BeanCreationException: Error creating bean with name 'jwtAccessTokenConverter' defined in class path resource [io/variability/jhipster/config/MicroserviceSecurityConfiguration.class]: Bean instantiation via factory method failed; nested exception is org.springframework.beans.BeanInstantiationException: Failed to instantiate [org.springframework.security.oauth2.provider.token.store.JwtAccessTokenConverter]: Factory method 'jwtAccessTokenConverter' threw exception; nested exception is java.lang.IllegalStateException: No instances available for uaa

Exception: Failed to instantiate [org.springframework.security.oauth2.provider.token.TokenStore]: Factory method 'tokenStore' threw exception; nested exception is org.springframework.beans.factory.BeanCreationException: Error creating bean with name 'jwtAccessTokenConverter' defined in class path resource [io/variability/jhipster/config/MicroserviceSecurityConfiguration.class]: Bean instantiation via factory method failed; nested exception is org.springframework.beans.BeanInstantiationException: Failed to instantiate [org.springframework.security.oauth2.provider.token.store.JwtAccessTokenConverter]: Factory method 'jwtAccessTokenConverter' threw exception; nested exception is java.lang.IllegalStateException: No instances available for uaa

Exception: Error creating bean with name 'jwtAccessTokenConverter' defined in class path resource [io/variability/jhipster/config/MicroserviceSecurityConfiguration.class]: Bean instantiation via factory method failed; nested exception is org.springframework.beans.BeanInstantiationException: Failed to instantiate [org.springframework.security.oauth2.provider.token.store.JwtAccessTokenConverter]: Factory method 'jwtAccessTokenConverter' threw exception; nested exception is java.lang.IllegalStateException: No instances available for uaa

Exception: Failed to instantiate [org.springframework.security.oauth2.provider.token.store.JwtAccessTokenConverter]: Factory method 'jwtAccessTokenConverter' threw exception; nested exception is java.lang.IllegalStateException: No instances available for uaa

Exception: No instances available for uaa

Caused by: org.springframework.beans.factory.BeanCreationException: Error creating bean with name 'tokenStore' defined in class path resource [io/variability/jhipster/config/MicroserviceSecurityConfiguration.class]: Bean instantiation via factory method failed; nested exception is org.springframework.beans.BeanInstantiationException: Failed to instantiate [org.springframework.security.oauth2.provider.token.TokenStore]: Factory method 'tokenStore' threw exception; nested exception is org.springframework.beans.factory.BeanCreationException: Error creating bean with name 'jwtAccessTokenConverter' defined in class path resource [io/variability/jhipster/config/MicroserviceSecurityConfiguration.class]: Bean instantiation via factory method failed; nested exception is org.springframework.beans.BeanInstantiationException: Failed to instantiate [org.springframework.security.oauth2.provider.token.store.JwtAccessTokenConverter]: Factory method 'jwtAccessTokenConverter' threw exception; nested exception is java.lang.IllegalStateException: No instances available for uaa

Caused by: org.springframework.beans.BeanInstantiationException: Failed to instantiate [org.springframework.security.oauth2.provider.token.TokenStore]: Factory method 'tokenStore' threw exception; nested exception is org.springframework.beans.factory.BeanCreationException: Error creating bean with name 'jwtAccessTokenConverter' defined in class path resource [io/variability/jhipster/config/MicroserviceSecurityConfiguration.class]: Bean instantiation via factory method failed; nested exception is org.springframework.beans.BeanInstantiationException: Failed to instantiate [org.springframework.security.oauth2.provider.token.store.JwtAccessTokenConverter]: Factory method 'jwtAccessTokenConverter' threw exception; nested exception is java.lang.IllegalStateException: No instances available for uaa

Caused by: org.springframework.beans.factory.BeanCreationException: Error creating bean with name 'jwtAccessTokenConverter' defined in class path resource [io/variability/jhipster/config/MicroserviceSecurityConfiguration.class]: Bean instantiation via factory method failed; nested exception is org.springframework.beans.BeanInstantiationException: Failed to instantiate [org.springframework.security.oauth2.provider.token.store.JwtAccessTokenConverter]: Factory method 'jwtAccessTokenConverter' threw exception; nested exception is java.lang.IllegalStateException: No instances available for uaa

Caused by: org.springframework.beans.BeanInstantiationException: Failed to instantiate [org.springframework.security.oauth2.provider.token.store.JwtAccessTokenConverter]: Factory method 'jwtAccessTokenConverter' threw exception; nested exception is java.lang.IllegalStateException: No instances available for uaa

Caused by: java.lang.IllegalStateException: No instances available for uaa

","BUG7:UAAEhcache"
"1484251490167","jhipster8634","true","""uaa""","""uaa""","""no""","ND","ND","""cassandra""","""cassandra""","""cassandra""","""maven""","""no""","ND","ND","true","[""cucumber"",""gatling""]","OK","Exception.java

ExceptionHandlingAsyncTaskExecutor.java

Exception.java

ExceptionTranslator.java

","3.569","OK","","4.048","KO","","newBUG"
"1484270478079","jhipster9097","false","""monolith""","""session""","""no""","""hazelcast""","""spring-websocket""","""mongodb""","""mongodb""","""mongodb""","""maven""","""no""","true","false","false","[""protractor"",""cucumber"",""gatling""]","OK","Exception.java

ExceptionHandlingAsyncTaskExecutor.java

Exception.java

ExceptionTranslator.java

","20.743","KO","Exception

[ERROR] diagnostic: /tmp/oracle/Thesis-JHipster/FML-brute/jhipsters/jhipster9097/src/main/java/io/variability/jhipster/domain/SocialUserConnection.java:3: error: package org.hibernate.annotations does not exist
[ERROR] diagnostic: /tmp/oracle/Thesis-JHipster/FML-brute/jhipsters/jhipster9097/src/main/java/io/variability/jhipster/domain/SocialUserConnection.java:4: error: package org.hibernate.annotations does not exist
[ERROR] error on execute: error during compilation
[ERROR] Failed to execute goal org.bsc.maven:maven-processor-plugin:2.2.4:process (process) on project jhipster: Error executing: error during compilation -> [Help 1]
[ERROR] 
[ERROR] To see the full stack trace of the errors, re-run Maven with the -e switch.
[ERROR] Re-run Maven using the -X switch to enable full debug logging.
[ERROR] 
[ERROR] For more information about the errors and possible solutions, please read the following articles:
[ERROR] [Help 1] http://cwiki.apache.org/confluence/display/MAVEN/MojoExecutionException
","KO","KO","COMPILATION ERROR","BUG6:SOCIALLOGIN"
"1484366367187","jhipster9848","true","""monolith""","""jwt""","""no""","""no""","""spring-websocket""","""cassandra""","""cassandra""","""cassandra""","""gradle""","""no""","false","true","false","[""gatling"",""cucumber"",""protractor""]","OK","Exception.java

ExceptionHandlingAsyncTaskExecutor.java

Exception.java

ExceptionTranslator.java

","23.949","OK","","17.043 ","KO","","newBUG"
"1484422912310","jhipster10167","true","""uaa""","""uaa""","""ehcache""","ND","ND","""sql""","""mariadb""","""mariadb""","""gradle""","""elasticsearch""","ND","ND","false","[""cucumber"",""gatling""]","OK","Exception.java

ExceptionHandlingAsyncTaskExecutor.java

Exception.java

ExceptionTranslator.java

","2.813","OK","","18.424 ","KO","Exception encountered during context initialization - cancelling refresh attempt: org.springframework.beans.factory.BeanCreationException: Error creating bean with name 'liquibase' defined in class path resource [io/variability/jhipster/config/DatabaseConfiguration.class]: Invocation of init method failed; nested exception is java.lang.RuntimeException: Failed to get driver instance for jdbcUrl=jdbc:mariadb://mariadb:3306/jhipster

Exception: Error creating bean with name 'metaDataSourceAdvisor': Cannot resolve reference to bean 'methodSecurityMetadataSource' while setting constructor argument; nested exception is org.springframework.beans.factory.BeanCreationException: Error creating bean with name 'org.springframework.security.config.annotation.method.configuration.GlobalMethodSecurityConfiguration': Injection of autowired dependencies failed; nested exception is java.lang.RuntimeException: Could not postProcess org.springframework.security.access.expression.method.DefaultMethodSecurityExpressionHandler@27e32fe4 of type class org.springframework.security.access.expression.method.DefaultMethodSecurityExpressionHandler)

Exception: Error creating bean with name 'liquibase' defined in class path resource [io/variability/jhipster/config/DatabaseConfiguration.class]: Invocation of init method failed; nested exception is java.lang.RuntimeException: Failed to get driver instance for jdbcUrl=jdbc:mariadb://mariadb:3306/jhipster

Exception: Failed to get driver instance for jdbcUrl=jdbc:mariadb://mariadb:3306/jhipster

Exception: No suitable driver

Caused by: java.lang.RuntimeException: Failed to get driver instance for jdbcUrl=jdbc:mariadb://mariadb:3306/jhipster

Caused by: java.sql.SQLException: No suitable driver

[35mjhipster-mariadb          |[0m 2017-01-14 19:49:31 140677828986816 [ERROR] Aborting
ERROR: 1049  Unknown database 'test'

","BUG1:mariadb"
"1484422804236","jhipster10317","true","""monolith""","""jwt""","""no""","""hazelcast""","""no""","""mongodb""","""mongodb""","""mongodb""","""maven""","""no""","true","true","true","[""cucumber"",""gatling"",""protractor""]","OK","Exception.java

ExceptionHandlingAsyncTaskExecutor.java

Exception.java

ExceptionTranslator.java

","25.25","KO","Exception

[ERROR] diagnostic: /tmp/oracle/Thesis-JHipster/FML-brute/jhipsters/jhipster10317/src/main/java/io/variability/jhipster/domain/SocialUserConnection.java:3: error: package org.hibernate.annotations does not exist
[ERROR] diagnostic: /tmp/oracle/Thesis-JHipster/FML-brute/jhipsters/jhipster10317/src/main/java/io/variability/jhipster/domain/SocialUserConnection.java:4: error: package org.hibernate.annotations does not exist
[ERROR] error on execute: error during compilation
[ERROR] Failed to execute goal org.bsc.maven:maven-processor-plugin:2.2.4:process (process) on project jhipster: Error executing: error during compilation -> [Help 1]
[ERROR] 
[ERROR] To see the full stack trace of the errors, re-run Maven with the -e switch.
[ERROR] Re-run Maven using the -X switch to enable full debug logging.
[ERROR] 
[ERROR] For more information about the errors and possible solutions, please read the following articles:
[ERROR] [Help 1] http://cwiki.apache.org/confluence/display/MAVEN/MojoExecutionException
","KO","KO","ND","BUG6:SOCIALLOGIN"
"1484428361601","jhipster10976","true","""uaa""","""uaa""","""ehcache""","ND","ND","""sql""","""mariadb""","""mariadb""","""maven""","""no""","ND","ND","false","[""cucumber"",""gatling""]","OK","Exception.java

ExceptionHandlingAsyncTaskExecutor.java

Exception.java

ExceptionTranslator.java

","2.834","OK","","4.157","KO","Error parsing reference: ""jhipster - jhipster-mariadb:mariadb - jhipster-registry"" is not a valid repository/tag
","BUG3:mariadb"
"1484691821326","jhipster12209","true","""monolith""","""jwt""","""no""","""hazelcast""","""no""","""mongodb""","""mongodb""","""mongodb""","""gradle""","""no""","true","false","true","[""gatling"",""cucumber"",""protractor""]","OK","Exception.java

ExceptionHandlingAsyncTaskExecutor.java

Exception.java

ExceptionTranslator.java

","25.827","KO","","KO","KO","ND","newBUG"
"1484706598810","jhipster12622","true","""monolith""","""oauth2""","""hazelcast""","""hazelcast""","""spring-websocket""","""sql""","""DiskBased""","""mysql""","""maven""","""no""","false","true","false","[""cucumber"",""gatling"",""protractor""]","OK","Exception.java

ExceptionHandlingAsyncTaskExecutor.java

Exception.java

ExceptionTranslator.java

","31.942","OK","","4.852","KO","Exception encountered during context initialization - cancelling refresh attempt: org.springframework.beans.factory.BeanCreationException: Error creating bean with name 'liquibase' defined in class path resource [io/variability/jhipster/config/DatabaseConfiguration.class]: Invocation of init method failed; nested exception is com.zaxxer.hikari.pool.HikariPool$PoolInitializationException: Failed to initialize pool: Communications link failure

Exception: Error creating bean with name 'org.springframework.transaction.annotation.ProxyTransactionManagementConfiguration': Initialization of bean failed; nested exception is org.springframework.beans.factory.NoSuchBeanDefinitionException: No bean named 'org.springframework.context.annotation.ConfigurationClassPostProcessor.importRegistry' is defined)

Exception: Error creating bean with name 'liquibase' defined in class path resource [io/variability/jhipster/config/DatabaseConfiguration.class]: Invocation of init method failed; nested exception is com.zaxxer.hikari.pool.HikariPool$PoolInitializationException: Failed to initialize pool: Communications link failure

Exception: Failed to initialize pool: Communications link failure

Exception: Communications link failure

Exception(SQLError.java:988)

Exception: Connection refused (Connection refused)

Caused by: com.zaxxer.hikari.pool.HikariPool$PoolInitializationException: Failed to initialize pool: Communications link failure

Caused by: com.mysql.jdbc.exceptions.jdbc4.CommunicationsException: Communications link failure

Caused by: java.net.ConnectException: Connection refused (Connection refused)

","BUG4:SQL"
